ID,X(LocalCRS),Y(LocalCRS),ELEV,DESC,X(UTM43N),Y(UTM43N)
1,226.2015,602.045,545.3,,328286.2015,2074902.045
2,213.0115,589.935,545.8,,328273.0115,2074889.935
3,209.1753,585.419,545.9,,328269.1753,2074885.419
4,205.3449,581.662,546,,328265.3449,2074881.662
5,197.6691,577.215,546,,328257.6691,2074877.215
6,186.9151,572.058,546,,328246.9151,2074872.058
7,180.8105,568.313,546.1,,328240.8105,2074868.313
8,174.7366,563.788,546.4,,328234.7366,2074863.788
9,165.6795,557.736,547.5,,328225.6795,2074857.736
10,159.7453,553.14,548.4,,328219.7453,2074853.14
11,159.0044,552.377,548.5,,328219.0044,2074852.377
12,156.7891,550.084,549,,328216.7891,2074850.084
13,152.3923,545.487,550,,328212.3923,2074845.487
14,149.4683,543.184,550.6,,328209.4683,2074843.184
15,146.6429,539.322,551.5,,328206.6429,2074839.322
16,143.1189,534.698,553.1,,328203.1189,2074834.698
17,141.7264,531.638,553.8,,328201.7264,2074831.638
18,140.3351,528.582,554.5,,328200.3351,2074828.582
19,138.244,524.762,555.6,,328198.244,2074824.762
20,135.4553,520.185,556.8,,328195.4553,2074820.185
21,132.7066,512.605,558.3,,328192.7066,2074812.605
22,130.5506,507.342,559,,328190.5506,2074807.342
23,128.3947,503.584,559.7,,328188.3947,2074803.584
24,127.6655,499.84,559.9,,328187.6655,2074799.84
25,126.2083,492.356,560.2,,328186.2083,2074792.356
26,122.6202,483.38,560.9,,328182.6202,2074783.38
27,120.4788,477.405,561.6,,328180.4788,2074777.405
28,119.0398,468.456,562.5,,328179.0398,2074768.456
29,116.1871,458.032,563.6,,328176.1871,2074758.032
30,113.269,450.611,564.2,,328173.269,2074750.611
31,110.2493,442.457,564.4,,328170.2493,2074742.457
32,109.4809,439.49,564.4,,328169.4809,2074739.49
33,107.1401,432.82,564.5,,328167.1401,2074732.82
34,107.0313,427.614,564.4,,328167.0313,2074727.614
35,106.982,424.639,564.4,,328166.982,2074724.639
36,106.214,422.415,564.4,,328166.214,2074722.415
37,105.4592,420.934,564.4,,328165.4592,2074720.934
38,103.9485,417.974,564.3,,328163.9485,2074717.974
39,102.4005,412.782,564,,328162.4005,2074712.782
40,101.5952,408.325,563.7,,328161.5952,2074708.325
41,101.4311,400.875,563.3,,328161.4311,2074700.875
42,101.2626,394.906,562.9,,328161.2626,2074694.906
43,101.1617,388.944,562.6,,328161.1617,2074688.944
44,101.1112,385.962,562.5,,328161.1112,2074685.962
45,101.0223,380.741,562.3,,328161.0223,2074680.741
46,100.9334,375.52,562.1,,328160.9334,2074675.52
47,100.896,373.282,562.1,,328160.896,2074673.282
48,102.223,366.536,561.6,,328162.223,2074666.536
49,104.9926,360.497,560.9,,328164.9926,2074660.497
50,105.0063,353.81,561.1,,328165.0063,2074653.81
51,107.899,348.544,561,,328167.899,2074648.544
52,111.5182,340.288,560.9,,328171.5182,2074640.288
53,113.6993,335.038,560.9,,328173.6993,2074635.038
54,115.1549,331.29,560.9,,328175.1549,2074631.29
55,115.1451,327.57,561.1,,328175.1451,2074627.57
56,117.3023,323.051,561,,328177.3023,2074623.051
57,118.0316,319.32,561.1,,328178.0316,2074619.32
58,119.4923,311.861,561.3,,328179.4923,2074611.861
59,120.2684,306.673,561.5,,328180.2684,2074606.673
60,121.7617,302.204,561.6,,328181.7617,2074602.204
61,124.1918,288.211,562.7,,328184.1918,2074588.211
62,125.0312,282.341,563.4,,328185.0312,2074582.341
63,125.8716,277.959,564,,328185.8716,2074577.959
64,127.541,271.416,564.8,,328187.541,2074571.416
65,127.6813,266.352,565.6,,328187.6813,2074566.352
66,129.2676,260.51,566.2,,328189.2676,2074560.51
67,129.3394,256.146,566.7,,328189.3394,2074556.146
68,130.8873,251.761,567.1,,328190.8873,2074551.761
69,131.7149,246.673,567.7,,328191.7149,2074546.673
70,133.2331,242.272,568.2,,328193.2331,2074542.272
71,134.7373,239.333,568.6,,328194.7373,2074539.333
72,136.2415,236.395,568.9,,328196.2415,2074536.395
73,139.9833,229.773,569.1,,328199.9833,2074529.773
74,141.4712,226.09,569.1,,328201.4712,2074526.09
75,145.1223,220.855,568.9,,328205.1223,2074520.855
76,145.8436,219.359,568.8,,328205.8436,2074519.359
77,147.284,216.364,568.7,,328207.284,2074516.364
78,149.4475,213.338,568.4,,328209.4475,2074513.338
79,150.8815,210.334,568.3,,328210.8815,2074510.334
80,153.0314,205.824,568.1,,328213.0314,2074505.824
81,155.9175,202.026,567.7,,328215.9175,2074502.026
82,157.3447,198.275,567.5,,328217.3447,2074498.275
83,162.3858,189.954,566.9,,328222.3858,2074489.954
84,163.8073,185.457,566.8,,328223.8073,2074485.457
85,165.2454,182.444,566.6,,328225.2454,2074482.444
86,167.4194,179.41,566.4,,328227.4194,2074479.41
87,170.3077,174.126,566.2,,328230.3077,2074474.126
88,173.2099,168.858,566,,328233.2099,2074468.858
89,174.6348,165.085,565.8,,328234.6348,2074465.085
90,176.7954,161.288,565.6,,328236.7954,2074461.288
91,178.9293,155.252,565.5,,328238.9293,2074455.252
92,181.821,150.681,565.3,,328241.821,2074450.681
93,184.7116,146.104,565.1,,328244.7116,2074446.104
94,186.8764,142.297,565,,328246.8764,2074442.297
95,189.0769,139.279,564.8,,328249.0769,2074439.279
96,190.5312,137,564.7,,328250.5312,2074437
97,193.4499,133.187,564.4,,328253.4499,2074433.187
98,195.6199,129.378,564.1,,328255.6199,2074429.378
99,199.2843,126.276,563.7,,328259.2843,2074426.276
100,201.4424,122.431,563.4,,328261.4424,2074422.431
101,204.3334,119.275,562.9,,328264.3334,2074419.275
102,206.4856,116.866,562.5,,328266.4856,2074416.866
103,208.6271,114.43,562.2,,328268.6271,2074414.43
104,211.5218,112.717,561.7,,328271.5218,2074412.717
105,215.1581,110.235,561.1,,328275.1581,2074410.235
106,219.5478,109.196,560.5,,328279.5478,2074409.196
107,223.2093,108.205,559.9,,328283.2093,2074408.205
108,228.321,106.321,559,,328288.321,2074406.321
109,234.1881,105.865,557.9,,328294.1881,2074405.865
110,239.3236,105.437,556.6,,328299.3236,2074405.437
111,242.2601,105.181,555.9,,328302.2601,2074405.181
112,245.9373,104.865,555.1,,328305.9373,2074404.865
113,248.8984,104.656,554.4,,328308.8984,2074404.656
114,254.8421,104.274,553,,328314.8421,2074404.274
115,258.548,103.989,552.1,,328318.548,2074403.989
116,260.7702,103.802,551.7,,328320.7702,2074403.802
117,263.7373,103.552,551.2,,328323.7373,2074403.552
118,268.9785,103.264,550.4,,328328.9785,2074403.264
119,272.7273,103.058,549.8,,328332.7273,2074403.058
120,276.4771,102.842,549.2,,328336.4771,2074402.842
121,280.9906,103.345,548.6,,328340.9906,2074403.345
122,282.4957,103.268,548.3,,328342.4957,2074403.268
123,286.2877,105.366,547.7,,328346.2877,2074405.366
124,291.5843,106.634,546.9,,328351.5843,2074406.634
125,296.116,107.86,546.3,,328356.116,2074407.86
126,299.1507,109.931,545.8,,328359.1507,2074409.931
127,305.9746,112.529,544.7,,328365.9746,2074412.529
128,308.2632,114.653,544.3,,328368.2632,2074414.653
129,311.3107,116.732,543.7,,328371.3107,2074416.732
130,314.3809,121.076,543,,328374.3809,2074421.076
131,316.6817,123.961,542.5,,328376.6817,2074423.961
132,317.4674,127.659,542.1,,328377.4674,2074427.659
133,321.3142,133.449,541.3,,328381.3142,2074433.449
134,319.0487,135.816,541.4,,328379.0487,2074435.816
135,316.0047,135.955,541.9,,328376.0047,2074435.955
136,313.7238,136.059,542.2,,328373.7238,2074436.059
137,303.0701,132.088,544.2,,328363.0701,2074432.088
138,292.4642,127.454,546,,328352.4642,2074427.454
139,287.1762,125.51,547,,328347.1762,2074425.51
140,284.9093,124.145,547.5,,328344.9093,2074424.145
141,281.9102,124.347,548.1,,328341.9102,2074424.347
142,276.6656,123.23,549.2,,328336.6656,2074423.23
143,271.4352,122.851,550.2,,328331.4352,2074422.851
144,267.6912,122.324,550.9,,328327.6912,2074422.324
145,263.2177,122.613,551.8,,328323.2177,2074422.613
146,258.7529,121.442,552.7,,328318.7529,2074421.442
147,255.0577,121.745,553.7,,328315.0577,2074421.745
148,249.8957,122.168,555,,328309.8957,2074422.168
149,246.2174,122.473,555.9,,328306.2174,2074422.473
150,241.0895,122.93,557.2,,328301.0895,2074422.93
151,238.8959,123.126,557.8,,328298.8959,2074423.126
152,233.761,123.514,559.1,,328293.761,2074423.514
153,228.6109,123.841,560.1,,328288.6109,2074423.841
154,224.9393,124.075,560.5,,328284.9393,2074424.075
155,222.7686,125.746,560.9,,328282.7686,2074425.746
156,221.3623,128.896,561.3,,328281.3623,2074428.896
157,219.2267,132.09,561.7,,328279.2267,2074432.09
158,217.7909,134.433,562,,328277.7909,2074434.433
159,216.3618,137.518,562.3,,328276.3618,2074437.518
160,214.1992,140.636,562.6,,328274.1992,2074440.636
161,212.0476,144.503,562.9,,328272.0476,2074444.503
162,209.1552,149.114,563.1,,328269.1552,2074449.114
163,207.7152,152.161,563.1,,328267.7152,2074452.161
164,205.5409,155.969,563.2,,328265.5409,2074455.969
165,203.3891,162.005,563.2,,328263.3891,2074462.005
166,201.2237,166.552,563.3,,328261.2237,2074466.552
167,196.1139,174.857,563.6,,328256.1139,2074474.857
168,195.3785,175.616,563.7,,328255.3785,2074475.616
169,188.0336,182.474,564.3,,328248.0336,2074482.474
170,184.399,187.786,564.7,,328244.399,2074487.786
171,183.6835,190.037,564.7,,328243.6835,2074490.037
172,180.0531,195.344,565.1,,328240.0531,2074495.344
173,177.1526,199.885,565.5,,328237.1526,2074499.885
174,172.7898,205.938,566,,328232.7898,2074505.938
175,171.3357,208.934,566.2,,328231.3357,2074508.934
176,169.165,214.17,566.4,,328229.165,2074514.17
177,166.991,217.201,566.6,,328226.991,2074517.201
178,164.8238,220.97,566.9,,328224.8238,2074520.97
179,162.6659,226.214,567.1,,328222.6659,2074526.214
180,160.4809,230.695,567.3,,328220.4809,2074530.695
181,159.0175,234.409,567.5,,328219.0175,2074534.409
182,156.8099,240.338,567.1,,328216.8099,2074540.338
183,155.3144,245.493,566.7,,328215.3144,2074545.493
184,153.8186,249.916,566.3,,328213.8186,2074549.916
185,152.2534,255.755,565.7,,328212.2534,2074555.755
186,151.4692,258.676,565.4,,328211.4692,2074558.676
187,150.6492,263.782,564.9,,328210.6492,2074563.782
188,149.8374,266.687,564.5,,328209.8374,2074566.687
189,149.0147,268.848,564.1,,328209.0147,2074568.848
190,147.333,274.63,562.9,,328207.333,2074574.63
191,146.4821,277.519,562.3,,328206.4821,2074577.519
192,145.6563,279.691,561.9,,328205.6563,2074579.691
193,145.5083,284.03,560.9,,328205.5083,2074584.03
194,144.6015,290.603,559.5,,328204.6015,2074590.603
195,144.5031,294.251,558.7,,328204.5031,2074594.251
196,141.4165,300.915,558.2,,328201.4165,2074600.915
197,140.6051,305.348,558,,328200.6051,2074605.348
198,138.334,312.058,557.8,,328198.334,2074612.058
199,137.5735,316.529,557.5,,328197.5735,2074616.529
200,136.82,320.259,557.3,,328196.82,2074620.259
201,136.7996,326.21,556.8,,328196.7996,2074626.21
202,136.0762,330.704,556.8,,328196.0762,2074630.704
203,135.3533,337.435,556.8,,328195.3533,2074637.435
204,133.9157,342.699,556.9,,328193.9157,2074642.699
205,133.2378,348.704,556.9,,328193.2378,2074648.704
206,133.2578,353.189,556.8,,328193.2578,2074653.189
207,133.2688,355.431,556.7,,328193.2688,2074655.431
208,132.554,358.438,556.8,,328192.554,2074658.438
209,131.9051,365.196,557.1,,328191.9051,2074665.196
210,131.979,369.697,557.2,,328191.979,2074669.697
211,131.3507,375.71,557.5,,328191.3507,2074675.71
212,131.4636,381.708,557.7,,328191.4636,2074681.708
213,131.6635,389.961,558,,328191.6635,2074689.961
214,131.7732,394.459,558.5,,328191.7732,2074694.459
215,131.2297,401.214,559.3,,328191.2297,2074701.214
216,131.3268,404.21,559.7,,328191.3268,2074704.21
217,131.4475,407.953,560.1,,328191.4475,2074707.953
218,131.6651,414.684,560.8,,328191.6651,2074714.684
219,131.7993,421.4,561.4,,328191.7993,2074721.4
220,131.8981,430.349,561.4,,328191.8981,2074730.349
221,132.6854,436.308,561.3,,328192.6854,2074736.308
222,133.418,442.27,561.2,,328193.418,2074742.27
223,134.8844,449.722,560.9,,328194.8844,2074749.722
224,134.9043,454.202,560.6,,328194.9043,2074754.202
225,136.2928,460.179,559.9,,328196.2928,2074760.179
226,136.9508,467.666,559.1,,328196.9508,2074767.666
227,138.3353,475.164,558.2,,328198.3353,2074775.164
228,139.0461,482.662,557.5,,328199.0461,2074782.662
229,141.1926,489.423,556.7,,328201.1926,2074789.423
230,141.1895,495.431,556.5,,328201.1895,2074795.431
231,143.3419,501.457,555.6,,328203.3419,2074801.457
232,146.2232,510.507,554.3,,328206.2232,2074810.507
233,146.9305,514.285,553.8,,328206.9305,2074814.285
234,149.0332,518.099,553.1,,328209.0332,2074818.099
235,151.1686,523.418,552.2,,328211.1686,2074823.418
236,154.0831,527.22,551.4,,328214.0831,2074827.22
237,157.7498,530.268,550.6,,328217.7498,2074830.268
238,159.9362,533.318,550,,328219.9362,2074833.318
239,162.1261,535.614,549.5,,328222.1261,2074835.614
240,165.0589,537.157,549,,328225.0589,2074837.157
241,167.2553,539.457,548.5,,328227.2553,2074839.457
242,170.9719,540.227,547.9,,328230.9719,2074840.227
243,174.6908,542.52,547.2,,328234.6908,2074842.52
244,180.7234,545.538,546.8,,328240.7234,2074845.538
245,182.9878,546.289,546.7,,328242.9878,2074846.289
246,188.3012,549.293,546.5,,328248.3012,2074849.293
247,190.6015,551.543,546.4,,328250.6015,2074851.543
248,192.1319,552.284,546.3,,328252.1319,2074852.284
249,195.2077,555.28,546.2,,328255.2077,2074855.28
250,199.807,558.26,546.1,,328259.807,2074858.26
251,203.644,561.246,546,,328263.644,2074861.246
252,205.9363,562.742,546,,328265.9363,2074862.742
253,208.2345,564.994,545.9,,328268.2345,2074864.994
254,210.5407,568.004,545.8,,328270.5407,2074868.004
255,212.8389,570.258,545.8,,328272.8389,2074870.258
256,215.9111,574.02,545.7,,328275.9111,2074874.02
257,217.4502,576.278,545.6,,328277.4502,2074876.278
258,220.5224,580.04,545.5,,328280.5224,2074880.04
259,225.1348,586.062,545.3,,328285.1348,2074886.062
260,227.4427,589.838,545.3,,328287.4427,2074889.838
261,229.7357,592.102,545.2,,328289.7357,2074892.102
262,232.0287,594.365,545.1,,328292.0287,2074894.365
263,235.0819,596.625,545,,328295.0819,2074896.625
264,237.377,598.89,544.9,,328297.377,2074898.89
265,241.2012,602.666,544.8,,328301.2012,2074902.666
266,243.4915,604.172,544.7,,328303.4915,2074904.172
267,246.5545,607.959,544.3,,328306.5545,2074907.959
268,249.6047,610.234,544.1,,328309.6047,2074910.234
269,252.6493,610.981,543.9,,328312.6493,2074910.981
270,254.9327,611.732,543.8,,328314.9327,2074911.732
271,260.2477,612.491,543.6,,328320.2477,2074912.491
272,261.7557,612.507,543.5,,328321.7557,2074912.507
273,267.0462,612.551,543.2,,328327.0462,2074912.551
274,270.074,611.799,542.9,,328330.074,2074911.799
275,272.3411,609.504,542.8,,328332.3411,2074909.504
276,274.6083,607.21,542.7,,328334.6083,2074907.21
277,275.3636,606.447,542.7,,328335.3636,2074906.447
278,278.3668,602.656,542.6,,328338.3668,2074902.656
279,281.3766,600.402,542.3,,328341.3766,2074900.402
280,285.1339,596.626,542.1,,328345.1339,2074896.626
281,287.3893,592.814,541.9,,328347.3893,2074892.814
282,288.131,589.756,541.9,,328348.131,2074889.756
283,288.1136,586.7,542,,328348.1136,2074886.7
284,288.0751,582.139,542.1,,328348.0751,2074882.139
285,288.0456,578.333,542.2,,328348.0456,2074878.333
286,286.5057,575.284,542.4,,328346.5057,2074875.284
287,284.2232,574.52,542.6,,328344.2232,2074874.52
288,281.1767,572.993,542.9,,328341.1767,2074872.993
289,277.3852,572.22,543.1,,328337.3852,2074872.22
290,269.0183,570.725,543.7,,328329.0183,2074870.725
291,265.9705,569.982,543.9,,328325.9705,2074869.982
292,262.1636,569.244,544.1,,328322.1636,2074869.244
293,255.302,567.009,544.3,,328315.302,2074867.009
294,249.9698,565.524,544.5,,328309.9698,2074865.524
295,245.4079,564.79,544.6,,328305.4079,2074864.79
296,240.837,563.302,544.8,,328300.837,2074863.302
297,235.4921,560.306,545,,328295.4921,2074860.306
298,227.8739,557.324,545.2,,328287.8739,2074857.324
299,221.7751,554.334,545.5,,328281.7751,2074854.334
300,217.9708,552.841,545.6,,328277.9708,2074852.841
301,211.1122,549.099,545.8,,328271.1122,2074849.099
302,205.7604,545.356,546,,328265.7604,2074845.356
303,200.4393,543.117,546.2,,328260.4393,2074843.117
304,193.5886,538.617,546.5,,328253.5886,2074838.617
305,190.5396,536.367,546.7,,328250.5396,2074836.367
306,183.7078,531.861,547.3,,328243.7078,2074831.861
307,179.9873,528.814,547.7,,328239.9873,2074828.814
308,177.0129,526.531,548,,328237.0129,2074826.531
309,174.0382,525.009,548.5,,328234.0382,2074825.009
310,171.0748,521.97,549.2,,328231.0748,2074821.97
311,168.11,519.694,549.8,,328228.11,2074819.694
312,165.9116,517.41,550.3,,328225.9116,2074817.41
313,164.4557,515.128,550.7,,328224.4557,2074815.128
314,163.0008,512.849,551.2,,328223.0008,2074812.849
315,160.0663,507.553,551.9,,328220.0663,2074807.553
316,158.5988,503.775,552.4,,328218.5988,2074803.775
317,156.401,499.247,553,,328216.401,2074799.247
318,154.9367,495.477,553.5,,328214.9367,2074795.477
319,153.4745,491.709,554,,328213.4745,2074791.709
320,151.2822,487.195,554.7,,328211.2822,2074787.195
321,150.5518,483.433,555,,328210.5518,2074783.433
322,149.095,479.675,555.6,,328209.095,2074779.675
323,148.3763,475.917,556.1,,328208.3763,2074775.917
324,147.6944,470.654,556.8,,328207.6944,2074770.654
325,146.3014,466.146,557.5,,328206.3014,2074766.146
326,145.6575,459.392,558.3,,328205.6575,2074759.392
327,145.6965,454.894,558.7,,328205.6965,2074754.894
328,145.6849,451.9,559,,328205.6849,2074751.9
329,144.9691,445.918,559.2,,328204.9691,2074745.918
330,144.9749,442.178,559.2,,328204.9749,2074742.178
331,144.2449,435.457,559.3,,328204.2449,2074735.457
332,144.2044,431.721,559.3,,328204.2044,2074731.721
333,144.1755,426.491,559.3,,328204.1755,2074726.491
334,144.1503,422.008,559.3,,328204.1503,2074722.008
335,144.0962,416.778,559,,328204.0962,2074716.778
336,143.8373,408.539,558.2,,328203.8373,2074708.539
337,143.7176,404.789,557.8,,328203.7176,2074704.789
338,143.5978,401.035,557.5,,328203.5978,2074701.035
339,143.5081,398.032,557.2,,328203.5081,2074698.032
340,143.3842,392.777,556.7,,328203.3842,2074692.777
341,143.2427,386.768,556.2,,328203.2427,2074686.768
342,143.1371,382.258,556.1,,328203.1371,2074682.258
343,145.1785,373.954,555.5,,328205.1785,2074673.954
344,145.8415,369.433,555.3,,328205.8415,2074669.433
345,145.8072,367.178,555.2,,328205.8072,2074667.178
346,147.9345,362.625,554.7,,328207.9345,2074662.625
347,147.8775,358.117,554.6,,328207.8775,2074658.117
348,147.8436,355.112,554.6,,328207.8436,2074655.112
349,148.5203,350.587,554.4,,328208.5203,2074650.587
350,149.2139,347.564,554.3,,328209.2139,2074647.564
351,150.6111,342.266,554.1,,328210.6111,2074642.266
352,151.3296,337.007,553.9,,328211.3296,2074637.007
353,152.7818,331.731,553.7,,328212.7818,2074631.731
354,154.2356,327.203,553.5,,328214.2356,2074627.203
355,155.6952,321.93,553.9,,328215.6952,2074621.93
356,157.2147,315.944,554.4,,328217.2147,2074615.944
357,160.2765,310.715,554.6,,328220.2765,2074610.715
358,163.3182,303.987,555.1,,328223.3182,2074603.987
359,165.6634,298.805,555.6,,328225.6634,2074598.805
360,167.2759,295.143,556.1,,328227.2759,2074595.143
361,168.8645,292.213,556.7,,328228.8645,2074592.213
362,169.7253,288.571,557.5,,328229.7253,2074588.571
363,172.0792,284.912,558.3,,328232.0792,2074584.912
364,172.8954,282.732,558.8,,328232.8954,2074582.732
365,175.2962,277.644,559.9,,328235.2962,2074577.644
366,177.6471,274.006,560.7,,328237.6471,2074574.006
367,181.5722,267.477,562.1,,328241.5722,2074567.477
368,183.1606,261.645,562.7,,328243.1606,2074561.645
369,185.4247,256.48,562.9,,328245.4247,2074556.48
370,186.8913,254.96,562.8,,328246.8913,2074554.96
371,188.3528,251.96,562.9,,328248.3528,2074551.96
372,189.8081,247.481,563,,328249.8081,2074547.481
373,192.0013,242.98,563,,328252.0013,2074542.98
374,194.9227,236.24,563,,328254.9227,2074536.24
375,196.3776,231.022,562.9,,328256.3776,2074531.022
376,197.1079,228.784,562.8,,328257.1079,2074528.784
377,198.5657,225.042,562.6,,328258.5657,2074525.042
378,202.2293,218.282,562.1,,328262.2293,2074518.282
379,202.9596,216.044,562,,328262.9596,2074516.044
380,205.1592,211.549,561.8,,328265.1592,2074511.549
381,207.365,208.53,561.6,,328267.365,2074508.53
382,208.0978,207.029,561.6,,328268.0978,2074507.029
383,210.2895,201.787,561.5,,328270.2895,2074501.787
384,212.4873,198.017,561.4,,328272.4873,2074498.017
385,213.2123,195.77,561.4,,328273.2123,2074495.77
386,216.1298,191.944,561.3,,328276.1298,2074491.944
387,217.5862,189.658,561.2,,328277.5862,2074489.658
388,220.5011,185.084,561,,328280.5011,2074485.084
389,223.4227,181.251,560.8,,328283.4227,2074481.251
390,227.0796,176.642,560.4,,328287.0796,2074476.642
391,230.739,172.761,560.1,,328290.739,2074472.761
392,234.4072,169.62,559.6,,328294.4072,2074469.62
393,238.7919,167.115,558.8,,328298.7919,2074467.115
394,240.96,164.702,558.4,,328300.96,2074464.702
395,243.8938,164.5,557.8,,328303.8938,2074464.5
396,248.2737,161.931,556.9,,328308.2737,2074461.931
397,252.6736,160.851,555.9,,328312.6736,2074460.851
398,259.9926,157.973,554.2,,328319.9926,2074457.973
399,266.6014,155.137,552.3,,328326.6014,2074455.137
400,269.5499,154.129,551.5,,328329.5499,2074454.129
401,276.2129,153.534,549.8,,328336.2129,2074453.534
402,279.1794,152.53,549,,328339.1794,2074452.53
403,283.6501,152.157,547.9,,328343.6501,2074452.157
404,287.3832,151.845,546.9,,328347.3832,2074451.845
405,294.1317,149.877,545.5,,328354.1317,2074449.877
406,304.7228,148.619,543.7,,328364.7228,2074448.619
407,313.8293,148.184,542.1,,328373.8293,2074448.184
408,316.8701,148.039,541.6,,328376.8701,2074448.039
409,322.9591,147.746,540.8,,328382.9591,2074447.746
410,329.0598,147.475,540.2,,328389.0598,2074447.475
411,332.881,147.339,539.8,,328392.881,2074447.339
412,337.4823,148.689,539.4,,328397.4823,2074448.689
413,341.3307,150.838,539,,328401.3307,2074450.838
414,344.4372,155.343,538.9,,328404.4372,2074455.343
415,345.9991,158.372,538.8,,328405.9991,2074458.372
416,347.5682,162.186,538.8,,328407.5682,2074462.186
417,349.9048,165.983,538.7,,328409.9048,2074465.983
418,351.4668,169.028,538.7,,328411.4668,2074469.028
419,351.5033,172.903,538.9,,328411.5033,2074472.903
420,351.5468,177.551,539.2,,328411.5468,2074477.551
421,351.5691,179.874,539.4,,328411.5691,2074479.874
422,349.3072,183.787,539.7,,328409.3072,2074483.787
423,347.7986,186.137,540,,328407.7986,2074486.137
424,344.7372,186.21,540.3,,328404.7372,2074486.21
425,338.6234,186.435,541,,328398.6234,2074486.435
426,330.9949,186.723,541.8,,328390.9949,2074486.723
427,327.9475,186.837,542.1,,328387.9475,2074486.837
428,323.3675,186.215,542.5,,328383.3675,2074486.215
429,320.2957,183.998,542.7,,328380.2957,2074483.998
430,315.6935,181.059,543.1,,328375.6935,2074481.059
431,311.114,179.673,543.8,,328371.114,2074479.673
432,306.5615,179.854,544.5,,328366.5615,2074479.854
433,301.2607,180.083,545.3,,328361.2607,2074480.083
434,298.9913,180.18,545.6,,328358.9913,2074480.18
435,291.4567,182.78,546.8,,328351.4567,2074482.78
436,287.7213,183.067,547.6,,328347.7213,2074483.067
437,281.7615,183.536,549.2,,328341.7615,2074483.536
438,275.8613,187.052,550.7,,328335.8613,2074487.052
439,272.9265,189.559,551.4,,328332.9265,2074489.559
440,267.7881,193.715,552.6,,328327.7881,2074493.715
441,264.112,196.221,553.5,,328324.112,2074496.221
442,261.1776,198.665,554.1,,328321.1776,2074498.665
443,258.2543,201.857,554.6,,328318.2543,2074501.857
444,256.0718,204.998,555,,328316.0718,2074504.998
445,253.8832,208.854,555.3,,328313.8832,2074508.854
446,248.7228,214.286,556.1,,328308.7228,2074514.286
447,245.778,218.125,556.5,,328305.778,2074518.125
448,242.8468,223.455,556.7,,328302.8468,2074523.455
449,239.1767,228.811,557.1,,328299.1767,2074528.811
450,236.9872,233.366,557.2,,328296.9872,2074533.366
451,231.8489,240.987,558,,328291.8489,2074540.987
452,230.3881,244.753,558.2,,328290.3881,2074544.753
453,224.5237,250.923,558.9,,328284.5237,2074550.923
454,218.6936,259.331,559.5,,328278.6936,2074559.331
455,215.0226,263.895,559.8,,328275.0226,2074563.895
456,212.7886,267.628,559.7,,328272.7886,2074567.628
457,211.2878,270.599,559.3,,328271.2878,2074570.599
458,209.0181,275.038,558.8,,328269.0181,2074575.038
459,206.7171,278.71,558.3,,328266.7171,2074578.71
460,204.4141,282.386,557.7,,328264.4141,2074582.386
461,202.8533,286.052,557.1,,328262.8533,2074586.052
462,200.5163,289.71,556.4,,328260.5163,2074589.71
463,196.6333,294.842,555.4,,328256.6333,2074594.842
464,194.3041,297.038,554.9,,328254.3041,2074597.038
465,191.8962,300.665,554.3,,328251.8962,2074600.665
466,189.5612,303.613,553.7,,328249.5612,2074603.613
467,187.9801,306.558,553.2,,328247.9801,2074606.558
468,184.853,310.992,552.5,,328244.853,2074610.992
469,184.0031,314.673,551.9,,328244.0031,2074614.673
470,182.3797,319.104,551.2,,328242.3797,2074619.104
471,180.8174,322.834,550.6,,328240.8174,2074622.834
472,179.3097,327.35,549.9,,328239.3097,2074627.35
473,178.5474,331.854,549.8,,328238.5474,2074631.854
474,178.5384,334.1,549.8,,328238.5384,2074634.1
475,177.7941,337.116,549.8,,328237.7941,2074637.116
476,177.8,340.871,549.7,,328237.8,2074640.871
477,176.3237,346.161,549.8,,328236.3237,2074646.161
478,176.3476,352.932,549.8,,328236.3476,2074652.932
479,175.6813,361.244,549.9,,328235.6813,2074661.244
480,175.0271,368.807,550,,328235.0271,2074668.807
481,172.8932,375.639,550.4,,328232.8932,2074675.639
482,172.2172,380.933,550.5,,328232.2172,2074680.933
483,172.2528,384.702,550.5,,328232.2528,2074684.702
484,171.5735,388.488,550.7,,328231.5735,2074688.488
485,171.6455,393.016,550.9,,328231.6455,2074693.016
486,171.0022,398.309,551.5,,328231.0022,2074698.309
487,171.1244,405.096,551.9,,328231.1244,2074705.096
488,170.4821,408.877,552.3,,328230.4821,2074708.877
489,170.5978,414.153,552.7,,328230.5978,2074714.153
490,170.6818,419.421,553,,328230.6818,2074719.421
491,170.7487,431.456,552.8,,328230.7487,2074731.456
492,170.7779,436.722,552.6,,328230.7779,2074736.722
493,170.8051,445.001,552.4,,328230.8051,2074745.001
494,170.8308,452.531,552.2,,328230.8308,2074752.531
495,170.8511,458.558,551.9,,328230.8511,2074758.558
496,170.8608,461.573,551.8,,328230.8608,2074761.573
497,172.3255,464.584,551.3,,328232.3255,2074764.584
498,174.5581,470.609,550.6,,328234.5581,2074770.609
499,179.0239,476.631,549.5,,328239.0239,2074776.631
500,182.0288,481.905,548.9,,328242.0288,2074781.905
501,185.0053,487.193,548.4,,328245.0053,2074787.193
502,187.9776,490.974,547.9,,328247.9776,2074790.974
503,195.4062,496.279,546.8,,328255.4062,2074796.279
504,203.6861,502.321,545.9,,328263.6861,2074802.321
505,209.019,506.076,545.5,,328269.019,2074806.076
506,215.1291,511.341,545.3,,328275.1291,2074811.341
507,221.2491,515.842,545,,328281.2491,2074815.842
508,226.6052,519.592,544.7,,328286.6052,2074819.592
509,230.4291,521.837,544.6,,328290.4291,2074821.837
510,235.0222,524.834,544.4,,328295.0222,2074824.834
511,239.6275,528.585,544.3,,328299.6275,2074828.585
512,242.6885,530.075,544.2,,328302.6885,2074830.075
513,245.0024,532.323,544.2,,328305.0024,2074832.323
514,251.1223,535.306,544.1,,328311.1223,2074835.306
515,252.6628,536.807,544.1,,328312.6628,2074836.807
516,257.2733,540.555,544.2,,328317.2733,2074840.555
517,263.406,545.058,544,,328323.406,2074845.058
518,267.231,547.308,543.7,,328327.231,2074847.308
519,272.5855,550.309,543.2,,328332.5855,2074850.309
520,274.8651,550.3,543,,328334.8651,2074850.3
521,277.1697,552.561,542.8,,328337.1697,2074852.561
522,280.9895,554.826,542.5,,328340.9895,2074854.826
523,285.5686,557.095,542.2,,328345.5686,2074857.095
524,290.909,559.367,541.8,,328350.909,2074859.367
525,294.7133,559.358,541.5,,328354.7133,2074859.358
526,297.7564,559.356,541.1,,328357.7564,2074859.356
527,300.8062,560.889,540.8,,328360.8062,2074860.889
528,305.3668,560.907,540.3,,328365.3668,2074860.907
529,309.1702,560.919,539.9,,328369.1702,2074860.919
530,312.9779,560.932,539.5,,328372.9779,2074860.932
531,316.0094,559.425,539.2,,328376.0094,2074859.425
532,315.9625,554.878,539.2,,328375.9625,2074854.878
533,315.9306,551.845,539.3,,328375.9306,2074851.845
534,312.8353,547.286,539.6,,328372.8353,2074847.286
535,308.9859,542.715,539.9,,328368.9859,2074842.715
536,305.1546,539.663,540.2,,328365.1546,2074839.663
537,301.3173,536.632,540.5,,328361.3173,2074836.632
538,297.4768,533.61,540.7,,328357.4768,2074833.61
539,295.9462,532.856,540.8,,328355.9462,2074832.856
540,292.1117,530.6,541.1,,328352.1117,2074830.6
541,285.9812,527.602,541.5,,328345.9812,2074827.602
542,282.1456,525.35,541.7,,328342.1456,2074825.35
543,277.5614,523.091,542,,328337.5614,2074823.091
544,269.9035,519.349,542.2,,328329.9035,2074819.349
545,262.2405,515.614,542.4,,328322.2405,2074815.614
546,258.405,513.368,542.5,,328318.405,2074813.368
547,253.8062,511.131,542.7,,328313.8062,2074811.131
548,249.1952,508.138,542.8,,328309.1952,2074808.138
549,243.8218,505.15,543,,328303.8218,2074805.15
550,237.7057,502.921,543.2,,328297.7057,2074802.921
551,233.8887,501.43,543.4,,328293.8887,2074801.43
552,230.0717,499.939,543.6,,328290.0717,2074799.939
553,226.2631,498.447,543.8,,328286.2631,2074798.447
554,219.423,495.449,544.2,,328279.423,2074795.449
555,211.0681,491.705,544.8,,328271.0681,2074791.705
556,206.5187,489.455,545.1,,328266.5187,2074789.455
557,201.986,485.684,545.6,,328261.986,2074785.684
558,197.5107,482.657,546.3,,328257.5107,2074782.657
559,193.7809,479.635,546.9,,328253.7809,2074779.635
560,191.5294,476.615,547.3,,328251.5294,2074776.615
561,190.0193,473.596,547.6,,328250.0193,2074773.596
562,186.2846,468.316,548.3,,328246.2846,2074768.316
563,184.0336,463.036,548.8,,328244.0336,2074763.036
564,182.5408,459.266,549.2,,328242.5408,2074759.266
565,181.0443,454.743,549.6,,328241.0443,2074754.743
566,181.0193,450.969,549.7,,328241.0193,2074750.969
567,180.9895,446.442,549.8,,328240.9895,2074746.442
568,180.9654,441.159,550,,328240.9654,2074741.159
569,180.9456,435.88,550.1,,328240.9456,2074735.88
570,180.903,428.338,550.4,,328240.903,2074728.338
571,180.8673,421.553,550.6,,328240.8673,2074721.553
572,182.2221,413.236,550,,328242.2221,2074713.236
573,184.2555,401.875,549.2,,328244.2555,2074701.875
574,187.1162,392.765,548.4,,328247.1162,2074692.765
575,189.9492,380.622,547.9,,328249.9492,2074680.622
576,193.5533,369.214,547.4,,328253.5533,2074669.214
577,197.2003,360.071,546.9,,328257.2003,2074660.071
578,198.6824,355.518,546.9,,328258.6824,2074655.518
579,200.9568,348.716,547.2,,328260.9568,2074648.716
580,203.9857,342.663,547.5,,328263.9857,2074642.663
581,207.0899,335.157,548.1,,328267.0899,2074635.157
582,213.2447,324.654,549.2,,328273.2447,2074624.654
583,216.3779,318.711,550.3,,328276.3779,2074618.711
584,223.5441,306.265,552.8,,328283.5441,2074606.265
585,229.0333,293.787,555.3,,328289.0333,2074593.787
586,230.5762,288.621,555.8,,328290.5762,2074588.621
587,232.8613,283.445,556.2,,328292.8613,2074583.445
588,235.0955,276.734,556.6,,328295.0955,2074576.734
589,236.5612,272.233,556.7,,328296.5612,2074572.233
590,239.5053,266.941,556.7,,328299.5053,2074566.941
591,240.9451,263.878,556.5,,328300.9451,2074563.878
592,242.3532,257.81,556.3,,328302.3532,2074557.81
593,244.5229,253.957,555.9,,328304.5229,2074553.957
594,249.6681,247.785,555,,328309.6681,2074547.785
595,252.616,243.945,554.5,,328312.616,2074543.945
596,257.0275,237.787,553.7,,328317.0275,2074537.787
597,259.2287,235.428,553.4,,328319.2287,2074535.428
598,262.8965,230.747,552.8,,328322.8965,2074530.747
599,270.2707,225.832,551.6,,328330.2707,2074525.832
600,276.9359,220.975,550.3,,328336.9359,2074520.975
601,283.5978,215.309,548.8,,328343.5978,2074515.309
602,288.8122,213.478,547.7,,328348.8122,2074513.478
603,291.7877,211.038,547.1,,328351.7877,2074511.038
604,297.8157,208.576,546.4,,328357.8157,2074508.576
605,301.5878,207.681,546,,328361.5878,2074507.681
606,312.16,204.248,544.8,,328372.16,2074504.248
607,316.7069,203.334,544.3,,328376.7069,2074503.334
608,321.251,201.651,543.7,,328381.251,2074501.651
609,329.5941,198.331,542.7,,328389.5941,2074498.331
610,343.2707,192.469,540.9,,328403.2707,2074492.469
611,349.36,189.223,540.1,,328409.36,2074489.223
612,354.713,188.362,539.9,,328414.713,2074488.362
613,361.594,186.698,539.5,,328421.594,2074486.698
614,365.4193,185.86,539.3,,328425.4193,2074485.86
615,369.2456,185.021,539,,328429.2456,2074485.021
616,375.3675,183.37,538.6,,328435.3675,2074483.37
617,377.6681,183.348,538.5,,328437.6681,2074483.348
618,381.5018,183.312,538.6,,328441.5018,2074483.312
619,389.1702,183.234,538.7,,328449.1702,2074483.234
620,394.5299,183.231,538.8,,328454.5299,2074483.231
621,396.066,184.009,539,,328456.066,2074484.009
622,401.4355,186.339,539.3,,328461.4355,2074486.339
623,406.0373,188.666,539.6,,328466.0373,2074488.666
624,409.8637,189.441,539.8,,328469.8637,2074489.441
625,410.6349,190.993,540,,328470.6349,2074490.993
626,412.945,194.084,540.3,,328472.945,2074494.084
627,413.7361,197.918,540.6,,328473.7361,2074497.918
628,413.7617,201.761,541,,328473.7617,2074501.761
629,413.8038,208.685,541.5,,328473.8038,2074508.685
630,413.8253,212.541,541.9,,328473.8253,2074512.541
631,413.0863,217.173,542.3,,328473.0863,2074517.173
632,412.3432,221.818,542.7,,328472.3432,2074521.818
633,410.0604,224.951,543.1,,328470.0604,2074524.951
634,407.7809,227.282,543.4,,328467.7809,2074527.282
635,405.4926,228.082,543.6,,328465.4926,2074528.082
636,398.6091,228.192,543.8,,328458.6091,2074528.192
637,393.2703,229.802,544.1,,328453.2703,2074529.802
638,387.1625,230.68,544.4,,328447.1625,2074530.68
639,381.8201,231.547,544.7,,328441.8201,2074531.547
640,374.9531,231.62,544.8,,328434.9531,2074531.62
641,365.0338,231.726,544.8,,328425.0338,2074531.726
642,356.6421,231.813,544.8,,328416.6421,2074531.813
643,345.9623,231.894,544.8,,328405.9623,2074531.894
644,339.8644,232.009,544.8,,328399.8644,2074532.009
645,333.7707,232.124,544.9,,328393.7707,2074532.124
646,329.9706,232.958,544.9,,328389.9706,2074532.958
647,325.4126,233.805,545,,328385.4126,2074533.805
648,323.8902,233.831,545,,328383.8902,2074533.831
649,320.0842,233.89,545,,328380.0842,2074533.89
650,310.9757,236.305,545.9,,328370.9757,2074536.305
651,307.1819,237.124,546.3,,328367.1819,2074537.124
652,301.8848,239.494,546.9,,328361.8848,2074539.494
653,290.5416,241.292,548,,328350.5416,2074541.292
654,283.8355,244.663,549.2,,328343.8355,2074544.663
655,282.3436,245.482,549.4,,328342.3436,2074545.482
656,275.6524,249.559,550.6,,328335.6524,2074549.559
657,274.1853,252.636,550.8,,328334.1853,2074552.636
658,271.9751,255.747,551.2,,328331.9751,2074555.747
659,269.0414,261.143,551.7,,328329.0414,2074561.143
660,266.8422,264.998,552.1,,328326.8422,2074564.998
661,263.9154,269.645,552.6,,328323.9154,2074569.645
662,261.007,275.051,553.1,,328321.007,2074575.051
663,258.855,281.179,553.3,,328318.855,2074581.179
664,258.141,283.47,553.4,,328318.141,2074583.47
665,255.1725,290.244,553.6,,328315.1725,2074590.244
666,253.6796,291.765,553.7,,328313.6796,2074591.765
667,252.1777,297.728,553.3,,328312.1777,2074597.728
668,249.155,302.959,552.2,,328309.155,2074602.959
669,248.3471,305.136,551.7,,328308.3471,2074605.136
670,245.1327,313.157,550,,328305.1327,2074613.157
671,243.5579,316.1,549.5,,328303.5579,2074616.1
672,238.8816,325.01,547.8,,328298.8816,2074625.01
673,237.3315,329.497,547.2,,328297.3315,2074629.497
674,234.2446,336.247,546.7,,328294.2446,2074636.247
675,231.925,343.762,545.9,,328291.925,2074643.762
676,228.1334,350.585,545.2,,328288.1334,2074650.585
677,226.6153,353.618,545,,328286.6153,2074653.618
678,225.0867,358.152,544.5,,328285.0867,2074658.152
679,222.8371,362.72,544.6,,328282.8371,2074662.72
680,220.6076,365.789,544.7,,328280.6076,2074665.789
681,219.1416,370.358,544.8,,328279.1416,2074670.358
682,217.6425,373.402,544.8,,328277.6425,2074673.402
683,217.6607,376.43,544.8,,328277.6607,2074676.43
684,215.4307,380.248,544.9,,328275.4307,2074680.248
685,213.9625,384.814,545,,328273.9625,2074684.814
686,213.2353,387.854,545.1,,328273.2353,2074687.854
687,212.4932,389.378,545.1,,328272.4932,2074689.378
688,211.7788,393.932,545.1,,328271.7788,2074693.932
689,210.3036,397.737,545.1,,328270.3036,2074697.737
690,209.5613,403.041,545,,328269.5613,2074703.041
691,208.0725,408.356,545,,328268.0725,2074708.356
692,207.3496,411.396,545,,328267.3496,2074711.396
693,207.4018,417.457,544.8,,328267.4018,2074717.457
694,206.6917,422.01,544.7,,328266.6917,2074722.01
695,205.9715,427.32,544.6,,328265.9715,2074727.32
696,205.9941,431.866,544.5,,328265.9941,2074731.866
697,206.0178,436.413,544.3,,328266.0178,2074736.413
698,206.0505,441.718,544.1,,328266.0505,2074741.718
699,206.0687,444.751,544,,328266.0687,2074744.751
700,206.849,450.053,543.8,,328266.849,2074750.053
701,207.6169,453.082,543.8,,328267.6169,2074753.082
702,209.908,456.857,543.7,,328269.908,2074756.857
703,211.4492,459.119,543.6,,328271.4492,2074759.119
704,213.7465,462.896,543.5,,328273.7465,2074762.896
705,215.2682,464.403,543.4,,328275.2682,2074764.403
706,216.7898,465.911,543.3,,328276.7898,2074765.911
707,220.5891,468.922,543,,328280.5891,2074768.922
708,225.9074,472.687,542.6,,328285.9074,2074772.687
709,228.9602,475.706,542.4,,328288.9602,2074775.706
710,232.0001,477.208,542.1,,328292.0001,2074777.208
711,236.5839,480.217,541.8,,328296.5839,2074780.217
712,240.4316,483.222,541.8,,328300.4316,2074783.222
713,245.0612,486.977,541.7,,328305.0612,2074786.977
714,248.9041,489.222,541.6,,328308.9041,2074789.222
715,251.9735,490.714,541.5,,328311.9735,2074790.714
716,255.0308,491.45,541.3,,328315.0308,2074791.45
717,259.637,493.689,541.1,,328319.637,2074793.689
718,262.7085,495.181,541,,328322.7085,2074795.181
719,266.5434,496.668,541,,328326.5434,2074796.668
720,270.3783,498.154,541,,328330.3783,2074798.154
721,276.5224,501.138,541.1,,328336.5224,2074801.138
722,279.5908,502.635,541.1,,328339.5908,2074802.635
723,281.8968,504.134,541.1,,328341.8968,2074804.134
724,285.7376,506.384,541.1,,328345.7376,2074806.384
725,288.806,507.88,541,,328348.806,2074807.88
726,292.6569,510.887,541,,328352.6569,2074810.887
727,295.7233,512.387,540.8,,328355.7233,2074812.387
728,298.7865,513.893,540.6,,328358.7865,2074813.893
729,302.621,516.155,540.4,,328362.621,2074816.155
730,304.1617,517.667,540.3,,328364.1617,2074817.667
731,308.0064,520.69,540,,328368.0064,2074820.69
732,312.6062,523.728,539.7,,328372.6062,2074823.728
733,317.2113,526.768,539.4,,328377.2113,2074826.768
734,320.2858,529.05,539.2,,328380.2858,2074829.05
735,324.1259,531.331,538.9,,328384.1259,2074831.331
736,327.96,532.855,538.5,,328387.96,2074832.855
737,331.0259,533.617,538.2,,328391.0259,2074833.617
738,335.6319,535.142,537.8,,328395.6319,2074835.142
739,338.702,535.901,537.5,,328398.702,2074835.901
740,342.5338,535.897,537.1,,328402.5338,2074835.897
741,344.8346,535.894,536.9,,328404.8346,2074835.894
742,347.896,535.126,536.6,,328407.896,2074835.126
743,350.1779,532.829,536.4,,328410.1779,2074832.829
744,352.4468,528.996,536.4,,328412.4468,2074828.996
745,352.4258,526.699,536.4,,328412.4258,2074826.699
746,352.4118,525.168,536.5,,328412.4118,2074825.168
747,352.3849,522.107,536.6,,328412.3849,2074822.107
748,350.7948,515.995,536.9,,328410.7948,2074815.995
749,348.4732,513.713,537.1,,328408.4732,2074813.713
750,343.834,509.137,537.6,,328403.834,2074809.137
751,339.2081,505.321,538.2,,328399.2081,2074805.321
752,336.1343,503.805,538.5,,328396.1343,2074803.805
753,332.286,501.541,538.8,,328392.286,2074801.541
754,329.2101,500.037,539,,328389.2101,2074800.037
755,324.5995,497.781,539.3,,328384.5995,2074797.781
756,323.0696,497.791,539.4,,328383.0696,2074797.791
757,318.4674,495.526,539.6,,328378.4674,2074795.526
758,314.6376,494.021,539.8,,328374.6376,2074794.021
759,310.8047,492.523,539.9,,328370.8047,2074792.523
760,309.2727,492.538,540,,328369.2727,2074792.538
761,306.198,491.045,540,,328366.198,2074791.045
762,300.8301,489.568,540.1,,328360.8301,2074789.568
763,297.0046,488.069,540.2,,328357.0046,2074788.069
764,293.9494,487.327,540.2,,328353.9494,2074787.327
765,290.8678,485.075,540.2,,328350.8678,2074785.075
766,285.4988,483.602,540.1,,328345.4988,2074783.602
767,281.6545,482.119,540.1,,328341.6545,2074782.119
768,277.791,479.119,540,,328337.791,2074779.119
769,275.4754,477.622,540,,328335.4754,2074777.622
770,271.6321,476.137,540,,328331.6321,2074776.137
771,266.2318,472.388,540,,328326.2318,2074772.388
772,260.8377,468.633,540.1,,328320.8377,2074768.633
773,258.5274,467.133,540.3,,328318.5274,2074767.133
774,254.6702,464.125,540.4,,328314.6702,2074764.125
775,249.265,459.611,540.6,,328309.265,2074759.611
776,245.4178,457.364,540.8,,328305.4178,2074757.364
777,243.0964,455.104,540.8,,328303.0964,2074755.104
778,240.7848,452.08,540.8,,328300.7848,2074752.08
779,237.7139,447.539,541,,328297.7139,2074747.539
780,236.189,446.029,541.1,,328296.189,2074746.029
781,234.6497,442.24,541.2,,328294.6497,2074742.24
782,231.5715,433.905,541.8,,328291.5715,2074733.905
783,230.7808,426.315,542.1,,328290.7808,2074726.315
784,230.009,421.008,542.3,,328290.009,2074721.008
785,229.2442,417.981,542.5,,328289.2442,2074717.981
786,229.2277,411.913,542.7,,328289.2277,2074711.913
787,229.2167,407.365,542.8,,328289.2167,2074707.365
788,229.2047,402.819,543,,328289.2047,2074702.819
789,229.1943,399.032,543.1,,328289.1943,2074699.032
790,229.1403,392.208,543.3,,328289.1403,2074692.208
791,229.095,386.9,543.5,,328289.095,2074686.9
792,229.0644,381.598,543.6,,328289.0644,2074681.598
793,229.0473,378.568,543.7,,328289.0473,2074678.568
794,229.7695,373.258,543.8,,328289.7695,2074673.258
795,231.2473,370.2,543.8,,328291.2473,2074670.2
796,231.9814,367.914,543.8,,328291.9814,2074667.914
797,233.4357,361.824,543.9,,328293.4357,2074661.824
798,234.9377,357.27,543.9,,328294.9377,2074657.27
799,235.6972,354.998,544.2,,328295.6972,2074654.998
800,237.9749,349.695,544.7,,328297.9749,2074649.695
801,239.4951,346.665,544.9,,328299.4951,2074646.665
802,241.0154,343.638,545.2,,328301.0154,2074643.638
803,244.0474,337.579,545.6,,328304.0474,2074637.579
804,246.3422,333.809,545.8,,328306.3422,2074633.809
805,246.3539,332.318,546,,328306.3539,2074632.318
806,248.6333,327.79,546.3,,328308.6333,2074627.79
807,248.6423,325.547,546.7,,328308.6423,2074625.547
808,251.6788,321.014,547.5,,328311.6788,2074621.014
809,253.3085,315.88,548.6,,328313.3085,2074615.88
810,257.9573,309.975,549.7,,328317.9573,2074609.975
811,261.0749,303.353,551.2,,328321.0749,2074603.353
812,262.5738,299.599,551.9,,328322.5738,2074599.599
813,263.3188,295.86,552.6,,328323.3188,2074595.86
814,265.5474,292.803,552,,328325.5474,2074592.803
815,266.287,290.544,551.9,,328326.287,2074590.544
816,268.5104,285.993,551.4,,328328.5104,2074585.993
817,269.9862,282.949,551.1,,328329.9862,2074582.949
818,272.9289,279.802,550.6,,328332.9289,2074579.802
819,273.6524,277.509,550.5,,328333.6524,2074577.509
820,276.588,273.59,550,,328336.588,2074573.59
821,278.0523,271.249,549.9,,328338.0523,2074571.249
822,280.2725,268.887,549.6,,328340.2725,2074568.887
823,283.247,265.76,549.3,,328343.247,2074565.76
824,285.4768,263.408,548.9,,328345.4768,2074563.408
825,287.7123,261.799,548.5,,328347.7123,2074561.799
826,290.6935,259.404,548,,328350.6935,2074559.404
827,292.9327,257.052,547.8,,328352.9327,2074557.052
828,295.1882,254.74,547.6,,328355.1882,2074554.74
829,299.7219,252.389,547.1,,328359.7219,2074552.389
830,301.9933,251.594,546.9,,328361.9933,2074551.594
831,305.7792,250.018,546.5,,328365.7792,2074550.018
832,309.5847,250.708,546.1,,328369.5847,2074550.708
833,311.1257,252.952,545.9,,328371.1257,2074552.952
834,311.9263,257.478,545.8,,328371.9263,2074557.478
835,311.9598,261.261,545.8,,328371.9598,2074561.261
836,311.9879,265.023,545.8,,328371.9879,2074565.023
837,311.9912,267.235,545.5,,328371.9912,2074567.235
838,309.715,270.963,545.4,,328369.715,2074570.963
839,307.4432,274.716,545.2,,328367.4432,2074574.716
840,305.1801,278.499,545,,328365.1801,2074578.499
841,303.6843,281.554,544.8,,328363.6843,2074581.554
842,301.43,285.37,544.7,,328361.43,2074585.37
843,299.1724,289.174,544.6,,328359.1724,2074589.174
844,296.92,294.478,544.3,,328356.92,2074594.478
845,296.1684,295.996,544.3,,328356.1684,2074595.996
846,293.9139,301.299,543.7,,328353.9139,2074601.299
847,293.916,302.793,543.5,,328353.916,2074602.793
848,292.3949,308.038,542.9,,328352.3949,2074608.038
849,290.1271,315.574,542,,328350.1271,2074615.574
850,289.3579,319.317,541.6,,328349.3579,2074619.317
851,287.8461,323.857,541.1,,328347.8461,2074623.857
852,287.117,326.918,540.8,,328347.117,2074626.918
853,285.632,329.997,541,,328345.632,2074629.997
854,284.1406,333.067,541.3,,328344.1406,2074633.067
855,282.6461,339.139,541.4,,328342.6461,2074639.139
856,281.2139,346.035,541.5,,328341.2139,2074646.035
857,279.7417,350.626,541.5,,328339.7417,2074650.626
858,278.2583,354.45,541.5,,328338.2583,2074654.45
859,276.7657,357.512,541.5,,328336.7657,2074657.512
860,276.8116,360.566,541.8,,328336.8116,2074660.566
861,275.3616,365.168,542.1,,328335.3616,2074665.168
862,273.9014,369.003,542.4,,328333.9014,2074669.003
863,272.4189,371.31,542.6,,328332.4189,2074671.31
864,271.7343,375.895,542.9,,328331.7343,2074675.895
865,269.5082,381.987,543.1,,328329.5082,2074681.987
866,269.5412,385.023,543.3,,328329.5412,2074685.023
867,268.0523,388.829,543.3,,328328.0523,2074688.829
868,267.3135,391.868,543.1,,328327.3135,2074691.868
869,266.5587,393.389,542.9,,328326.5587,2074693.389
870,263.5242,398.714,542.4,,328323.5242,2074698.714
871,262.7701,402.507,542.1,,328322.7701,2074702.507
872,261.2455,407.819,541.8,,328321.2455,2074707.819
873,261.2553,410.852,541.6,,328321.2553,2074710.852
874,259.7299,413.898,541.4,,328319.7299,2074713.898
875,259.7398,416.933,541.2,,328319.7398,2074716.933
876,258.9837,420.735,541.1,,328318.9837,2074720.735
877,259.0007,426.052,540.9,,328319.0007,2074726.052
878,259.0095,429.092,540.8,,328319.0095,2074729.092
879,259.0248,433.654,540.7,,328319.0248,2074733.654
880,259.0374,437.456,540.5,,328319.0374,2074737.456
881,259.0547,440.499,540.4,,328319.0547,2074740.499
882,260.6072,443.529,540.3,,328320.6072,2074743.529
883,262.9223,445.791,540.1,,328322.9223,2074745.791
884,266.0061,448.045,540.2,,328326.0061,2074748.045
885,269.0888,450.299,540.2,,328329.0888,2074750.299
886,271.405,452.56,540.2,,328331.405,2074752.56
887,274.4877,454.814,540.3,,328334.4877,2074754.814
888,276.7952,455.553,540.4,,328336.7952,2074755.553
889,280.6396,457.038,540.4,,328340.6396,2074757.038
890,283.7147,457.769,540.5,,328343.7147,2074757.769
891,286.7898,458.498,540.6,,328346.7898,2074758.498
892,289.8639,459.228,540.6,,328349.8639,2074759.228
893,292.9352,459.195,540.7,,328352.9352,2074759.195
894,298.3098,459.901,540.9,,328358.3098,2074759.901
895,302.9158,460.614,541.1,,328362.9158,2074760.614
896,306.7494,460.573,541.2,,328366.7494,2074760.573
897,311.3474,460.525,541.4,,328371.3474,2074760.525
898,314.4033,459.734,541.6,,328374.4033,2074759.734
899,318.2226,458.935,541.9,,328378.2226,2074758.935
900,321.2802,458.906,542,,328381.2802,2074758.906
901,324.3368,458.878,542.1,,328384.3368,2074758.878
902,328.1421,456.56,542.4,,328388.1421,2074756.56
903,329.6651,455.785,542.6,,328389.6651,2074755.785
904,334.2376,454.221,542.8,,328394.2376,2074754.221
905,337.2872,453.432,543,,328397.2872,2074753.432
906,340.3358,452.643,543.2,,328400.3358,2074752.643
907,343.3844,451.855,543.4,,328403.3844,2074751.855
908,347.1952,451.061,543.6,,328407.1952,2074751.061
909,350.2487,451.033,543.7,,328410.2487,2074751.033
910,354.8229,450.229,543.7,,328414.8229,2074750.229
911,358.6386,450.193,543.6,,328418.6386,2074750.193
912,362.4543,450.157,543.5,,328422.4543,2074750.157
913,366.2689,450.121,543.3,,328426.2689,2074750.121
914,370.0836,450.084,543.2,,328430.0836,2074750.084
915,372.3726,450.063,543.1,,328432.3726,2074750.063
916,377.7118,450.012,543,,328437.7118,2074750.012
917,383.05,449.961,542.8,,328443.05,2074749.961
918,388.3924,449.915,542.6,,328448.3924,2074749.915
919,394.5014,449.862,542.4,,328454.5014,2074749.862
920,397.5399,448.317,542.4,,328457.5399,2074748.317
921,400.5794,446.773,542.3,,328460.5794,2074746.773
922,405.1388,444.455,542.2,,328465.1388,2074744.455
923,407.4133,442.16,542.1,,328467.4133,2074742.16
924,410.4603,440.617,542,,328470.4603,2074740.617
925,413.4896,436.796,542,,328473.4896,2074736.796
926,418.8243,433.712,541.9,,328478.8243,2074733.712
927,421.8621,429.888,541.8,,328481.8621,2074729.888
928,426.4418,426.806,541.6,,328486.4418,2074726.806
929,428.7231,423.745,541.5,,328488.7231,2074723.745
930,431.7923,419.909,541.3,,328491.7923,2074719.909
931,434.0799,416.843,541.1,,328494.0799,2074716.843
932,438.6329,410.712,540.8,,328498.6329,2074710.712
933,440.9061,406.884,540.6,,328500.9061,2074706.884
934,444.7016,401.517,540.4,,328504.7016,2074701.517
935,446.9721,396.925,540.2,,328506.9721,2074696.925
936,449.2354,393.86,540.2,,328509.2354,2074693.86
937,451.4996,389.272,540,,328511.4996,2074689.272
938,455.9792,380.878,540.1,,328515.9792,2074680.878
939,458.2261,377.061,540.2,,328518.2261,2074677.061
940,461.2205,371.719,540.4,,328521.2205,2074671.719
941,461.9668,370.195,540.4,,328521.9668,2074670.195
942,464.9576,365.62,540.6,,328524.9576,2074665.62
943,467.1457,360.316,540.8,,328527.1457,2074660.316
944,470.1072,355.767,541.3,,328530.1072,2074655.767
945,472.327,351.976,541.6,,328532.327,2074651.976
946,473.8099,349.701,541.8,,328533.8099,2074649.701
947,476.7864,346.675,542.2,,328536.7864,2074646.675
948,479.7687,344.405,542.5,,328539.7687,2074644.405
949,482.7584,342.133,542.8,,328542.7584,2074642.133
950,484.9921,339.863,543,,328544.9921,2074639.863
951,486.467,336.833,543.2,,328546.467,2074636.833
952,486.4404,333.801,543.2,,328546.4404,2074633.801
953,485.6332,327.736,543.2,,328545.6332,2074627.736
954,485.6114,325.463,543.2,,328545.6114,2074625.463
955,484.0495,320.924,543.1,,328544.0495,2074620.924
956,483.2435,316.387,543,,328543.2435,2074616.387
957,481.6986,313.36,542.8,,328541.6986,2074613.36
958,480.1456,309.578,542.6,,328540.1456,2074609.578
959,478.5841,304.275,542.4,,328538.5841,2074604.275
960,476.2754,299.722,542.1,,328536.2754,2074599.722
961,473.9668,295.168,541.7,,328533.9668,2074595.168
962,471.6678,292.133,541.5,,328531.6678,2074592.133
963,467.8226,286.063,541.1,,328527.8226,2074586.063
964,465.5194,283.029,541,,328525.5194,2074583.029
965,463.2183,279.99,540.9,,328523.2183,2074579.99
966,460.923,277.711,540.8,,328520.923,2074577.711
967,458.6267,275.43,540.7,,328518.6267,2074575.43
968,454.8029,272.392,540.6,,328514.8029,2074572.392
969,450.9715,270.133,540.5,,328510.9715,2074570.133
970,447.1483,267.856,540.3,,328507.1483,2074567.856
971,443.3241,265.578,540.2,,328503.3241,2074565.578
972,440.2601,263.299,540.1,,328500.2601,2074563.299
973,436.4366,261.787,540.2,,328496.4366,2074561.787
974,431.8097,259.593,540.6,,328491.8097,2074559.593
975,427.9523,257.386,541.1,,328487.9523,2074557.386
976,424.8508,253.644,541.5,,328484.8508,2074553.644
977,423.2752,249.117,541.9,,328483.2752,2074549.117
978,422.473,245.337,542.2,,328482.473,2074545.337
979,422.4383,241.54,542.5,,328482.4383,2074541.54
980,422.4175,239.258,542.6,,328482.4175,2074539.258
981,421.6295,236.219,542.9,,328481.6295,2074536.219
982,420.8226,230.888,543,,328480.8226,2074530.888
983,420.7941,227.07,542.7,,328480.7941,2074527.07
984,421.5371,223.222,542.4,,328481.5371,2074523.222
985,421.5061,217.059,542,,328481.5061,2074517.059
986,421.4839,212.433,541.7,,328481.4839,2074512.433
987,422.2388,210.106,541.5,,328482.2388,2074510.106
988,423.7372,205.496,541.2,,328483.7372,2074505.496
989,424.4929,203.951,541.1,,328484.4929,2074503.951
990,425.2436,201.639,541,,328485.2436,2074501.639
991,428.283,197.762,540.8,,328488.283,2074497.762
992,430.5426,193.943,540.6,,328490.5426,2074493.943
993,435.1046,190.868,540.6,,328495.1046,2074490.868
994,435.8631,190.101,540.6,,328495.8631,2074490.101
995,438.9039,188.572,540.6,,328498.9039,2074488.572
996,442.6968,187.074,540.5,,328502.6968,2074487.074
997,449.5487,184.763,540.4,,328509.5487,2074484.763
998,454.1422,185.49,540.5,,328514.1422,2074485.49
999,457.2076,187.004,540.5,,328517.2076,2074487.004
1000,458.7581,190.048,540.6,,328518.7581,2074490.048
1001,458.7876,193.861,540.7,,328518.7876,2074493.861
1002,456.5103,195.395,540.8,,328516.5103,2074495.395
1003,451.1871,198.478,540.9,,328511.1871,2074498.478
1004,448.919,199.99,540.9,,328508.919,2074499.99
1005,445.8762,201.528,541,,328505.8762,2074501.528
1006,443.593,202.297,541,,328503.593,2074502.297
1007,439.7947,204.594,541.1,,328499.7947,2074504.594
1008,438.2936,207.649,541.2,,328498.2936,2074507.649
1009,435.2506,209.969,541.3,,328495.2506,2074509.969
1010,433.751,214.575,541.5,,328493.751,2074514.575
1011,431.4871,219.189,541.8,,328491.4871,2074519.189
1012,430.736,222.281,541.9,,328490.736,2074522.281
1013,430.7602,226.889,542.1,,328490.7602,2074526.889
1014,430.7769,229.181,542.3,,328490.7769,2074529.181
1015,430.8165,233.749,542.4,,328490.8165,2074533.749
1016,431.6118,236.773,542.1,,328491.6118,2074536.773
1017,434.7155,240.515,541.7,,328494.7155,2074540.515
1018,438.5733,244.281,541.3,,328498.5733,2074544.281
1019,442.4067,247.325,541.1,,328502.4067,2074547.325
1020,446.2371,249.594,541.1,,328506.2371,2074549.594
1021,453.9052,254.113,541,,328513.9052,2074554.113
1022,458.4887,256.389,541,,328518.4887,2074556.389
1023,466.1127,259.431,541.1,,328526.1127,2074559.431
1024,469.1683,261.712,541.3,,328529.1683,2074561.712
1025,473.7411,263.989,541.7,,328533.7411,2074563.989
1026,478.3146,267.028,542.2,,328538.3146,2074567.028
1027,482.1279,270.067,542.6,,328542.1279,2074570.067
1028,488.2231,274.624,543.2,,328548.2231,2074574.624
1029,492.0283,276.896,543.6,,328552.0283,2074576.896
1030,495.8508,279.912,544,,328555.8508,2074579.912
1031,499.6605,281.412,544.1,,328559.6605,2074581.412
1032,503.4905,285.946,544.2,,328563.4905,2074585.946
1033,506.5763,291.997,544.4,,328566.5763,2074591.997
1034,508.1191,295.02,544.4,,328568.1191,2074595.02
1035,508.1633,300.326,544.4,,328568.1633,2074600.326
1036,508.9481,303.354,544.4,,328568.9481,2074603.354
1037,511.2698,308.645,544.5,,328571.2698,2074608.645
1038,512.0572,312.432,544.5,,328572.0572,2074612.432
1039,512.0792,316.229,544.5,,328572.0792,2074616.229
1040,512.1184,323.061,544.5,,328572.1184,2074623.061
1041,512.1479,328.373,544.6,,328572.1479,2074628.373
1042,512.1747,332.927,544.7,,328572.1747,2074632.927
1043,510.6805,336.729,544.7,,328570.6805,2074636.729
1044,508.4275,339.774,544.6,,328568.4275,2074639.774
1045,507.6773,340.534,544.6,,328567.6773,2074640.534
1046,504.6943,345.853,544.5,,328564.6943,2074645.853
1047,502.4435,348.898,544.3,,328562.4435,2074648.898
1048,500.2253,353.447,544.2,,328560.2253,2074653.447
1049,496.53,359.509,543.7,,328556.53,2074659.509
1050,493.5794,363.292,543.2,,328553.5794,2074663.292
1051,492.1102,365.562,542.9,,328552.1102,2074665.562
1052,489.8997,367.829,542.6,,328549.8997,2074667.829
1053,486.1956,370.857,542.1,,328546.1956,2074670.857
1054,482.4776,374.657,541.6,,328542.4776,2074674.657
1055,480.2625,377.693,541.3,,328540.2625,2074677.693
1056,476.5179,379.981,540.9,,328536.5179,2074679.981
1057,472.0004,384.571,540.4,,328532.0004,2074684.571
1058,470.4939,386.102,540.2,,328530.4939,2074686.102
1059,466.7196,389.169,540,,328526.7196,2074689.169
1060,459.9339,396.062,540.1,,328519.9339,2074696.062
1061,455.3909,399.138,540.2,,328515.3909,2074699.138
1062,450.0712,403.754,540.3,,328510.0712,2074703.754
1063,447.0267,406.829,540.5,,328507.0267,2074706.829
1064,443.2225,410.67,540.7,,328503.2225,2074710.67
1065,439.4291,416.034,540.9,,328499.4291,2074716.034
1066,435.6232,419.111,541.2,,328495.6232,2074719.111
1067,429.4966,424.498,541.5,,328489.4966,2074724.498
1068,425.6909,429.092,541.7,,328485.6909,2074729.092
1069,424.9292,429.859,541.7,,328484.9292,2074729.859
1070,421.1228,433.691,541.8,,328481.1228,2074733.691
1071,417.3318,438.279,541.9,,328477.3318,2074738.279
1072,416.5931,441.322,541.9,,328476.5931,2074741.322
1073,414.3153,443.619,542,,328474.3153,2074743.619
1074,410.5296,448.204,542,,328470.5296,2074748.204
1075,408.2704,451.261,541.9,,328468.2704,2074751.261
1076,405.249,454.326,541.7,,328465.249,2074754.326
1077,402.2606,460.43,541.4,,328462.2606,2074760.43
1078,399.9844,461.969,541.3,,328459.9844,2074761.969
1079,397.7417,465.796,541.1,,328457.7417,2074765.796
1080,393.1947,468.884,540.9,,328453.1947,2074768.884
1081,388.6366,471.212,540.7,,328448.6366,2074771.212
1082,384.8327,472.771,540.6,,328444.8327,2074772.771
1083,381.7772,472.801,540.6,,328441.7772,2074772.801
1084,376.4365,473.618,540.6,,328436.4365,2074773.618
1085,373.3799,473.648,540.6,,328433.3799,2074773.648
1086,368.7935,473.694,540.6,,328428.7935,2074773.694
1087,365.7359,473.724,540.7,,328425.7359,2074773.724
1088,358.0898,473.801,540.7,,328418.0898,2074773.801
1089,355.0231,473.068,540.8,,328415.0231,2074773.068
1090,348.9048,473.13,540.8,,328408.9048,2074773.13
1091,342.0139,472.431,540.9,,328402.0139,2074772.431
1092,338.1898,472.466,540.8,,328398.1898,2074772.466
1093,334.3646,472.502,540.8,,328394.3646,2074772.502
1094,329.0009,471.026,540.9,,328389.0009,2074771.026
1095,325.9363,470.291,541,,328385.9363,2074770.291
1096,320.5823,470.341,540.9,,328380.5823,2074770.341
1097,314.4552,468.874,540.9,,328374.4552,2074768.874
1098,311.3923,468.904,540.8,,328371.3923,2074768.904
1099,308.3367,471.226,540.6,,328368.3367,2074771.226
1100,310.6716,475.769,540.3,,328370.6716,2074775.769
1101,312.9954,479.556,540,,328372.9954,2074779.556
1102,317.6062,483.336,539.9,,328377.6062,2074783.336
1103,320.6816,485.599,539.8,,328380.6816,2074785.599
1104,324.5187,487.094,539.7,,328384.5187,2074787.094
1105,326.8259,488.601,539.6,,328386.8259,2074788.601
1106,330.671,490.861,539.4,,328390.671,2074790.861
1107,332.9733,491.606,539.3,,328392.9733,2074791.606
1108,337.592,494.623,539,,328397.592,2074794.623
1109,341.4333,496.121,538.8,,328401.4333,2074796.121
1110,344.5102,497.629,538.5,,328404.5102,2074797.629
1111,348.3587,499.91,538.2,,328408.3587,2074799.91
1112,350.6702,501.428,537.9,,328410.6702,2074801.428
1113,353.7503,502.942,537.7,,328413.7503,2074802.942
1114,358.3678,504.447,537.4,,328418.3678,2074804.447
1115,361.437,504.426,537.3,,328421.437,2074804.426
1116,366.809,504.385,537.2,,328426.809,2074804.385
1117,369.8723,503.594,537.2,,328429.8723,2074803.594
1118,372.9173,501.252,537.4,,328432.9173,2074801.252
1119,376.7245,498.903,537.6,,328436.7245,2074798.903
1120,381.2961,496.547,537.8,,328441.2961,2074796.547
1121,388.1293,491.864,538.5,,328448.1293,2074791.864
1122,396.4996,487.951,539,,328456.4996,2074787.951
1123,401.8241,485.603,539.3,,328461.8241,2074785.603
1124,405.6381,484.801,539.4,,328465.6381,2074784.801
1125,414.0123,481.668,539.9,,328474.0123,2074781.668
1126,417.0619,480.876,540.1,,328477.0619,2074780.876
1127,420.8871,480.842,540.2,,328480.8871,2074780.842
1128,427.7183,478.477,540.6,,328487.7183,2074778.477
1129,430.7477,476.163,540.8,,328490.7477,2074776.163
1130,433.0249,474.622,541,,328493.0249,2074774.622
1131,437.5825,471.539,541.2,,328497.5825,2074771.539
1132,440.6056,469.226,541.4,,328500.6056,2074769.226
1133,442.8669,467.678,541.5,,328502.8669,2074767.678
1134,448.1227,462.297,541.8,,328508.1227,2074762.297
1135,453.4303,456.936,542,,328513.4303,2074756.936
1136,457.2064,450.829,542,,328517.2064,2074750.829
1137,463.266,443.181,541.7,,328523.266,2074743.181
1138,468.573,437.055,541.3,,328528.573,2074737.055
1139,472.3702,432.462,541.1,,328532.3702,2074732.462
1140,475.4063,427.875,541,,328535.4063,2074727.875
1141,479.1993,423.28,540.8,,328539.1993,2074723.28
1142,481.4732,420.219,540.7,,328541.4732,2074720.219
1143,487.525,413.323,540.7,,328547.525,2074713.323
1144,490.5206,409.501,541,,328550.5206,2074709.501
1145,491.2707,408.735,541,,328551.2707,2074708.735
1146,494.2526,404.916,541.2,,328554.2526,2074704.916
1147,496.4552,399.589,541.5,,328556.4552,2074699.589
1148,498.6786,396.541,541.8,,328558.6786,2074696.541
1149,500.8936,393.497,542.1,,328560.8936,2074693.497
1150,503.0933,389.699,542.5,,328563.0933,2074689.699
1151,505.2909,385.904,542.8,,328565.2909,2074685.904
1152,508.2028,379.84,543.5,,328568.2028,2074679.84
1153,511.1115,373.782,544,,328571.1115,2074673.782
1154,513.3293,371.508,544.4,,328573.3293,2074671.508
1155,514.7822,368.484,544.6,,328574.7822,2074668.484
1156,516.2518,365.453,544.9,,328576.2518,2074665.453
1157,518.4647,360.905,545.2,,328578.4647,2074660.905
1158,521.4399,356.349,545.6,,328581.4399,2074656.349
1159,522.9295,353.312,545.7,,328582.9295,2074653.312
1160,523.6663,350.279,545.7,,328583.6663,2074650.279
1161,525.1723,347.991,545.7,,328585.1723,2074647.991
1162,526.667,343.43,545.6,,328586.667,2074643.43
1163,528.1692,340.386,545.5,,328588.1692,2074640.386
1164,530.4272,335.816,545.4,,328590.4272,2074635.816
1165,530.4112,332.783,545.3,,328590.4112,2074632.783
1166,533.4246,327.447,545.1,,328593.4246,2074627.447
1167,534.1596,323.649,545,,328594.1596,2074623.649
1168,534.1272,319.865,545,,328594.1272,2074619.865
1169,535.6041,315.312,545.1,,328595.6041,2074615.312
1170,535.5737,311.525,545.1,,328595.5737,2074611.525
1171,535.5423,307.737,545.2,,328595.5423,2074607.737
1172,535.4992,302.436,545.2,,328595.4992,2074602.436
1173,535.4747,299.405,545.3,,328595.4747,2074599.405
1174,535.4316,294.102,545.3,,328595.4316,2074594.102
1175,534.649,291.077,545.3,,328594.649,2074591.077
1176,533.0923,286.539,545.3,,328593.0923,2074586.539
1177,531.5315,282.011,545.3,,328591.5315,2074582.011
1178,529.2293,277.466,545.2,,328589.2293,2074577.466
1179,528.4481,273.673,545.2,,328588.4481,2074573.673
1180,526.1486,269.887,545.1,,328586.1486,2074569.887
1181,523.0809,265.349,544.9,,328583.0809,2074565.349
1182,519.2529,260.814,544.7,,328579.2529,2074560.814
1183,517.7191,258.543,544.6,,328577.7191,2074558.543
1184,513.9104,257.044,544.5,,328573.9104,2074557.044
1185,511.6211,255.537,544.4,,328571.6211,2074555.537
1186,508.5716,254.033,544.3,,328568.5716,2074554.033
1187,502.4868,251.772,544.1,,328562.4868,2074551.772
1188,497.1601,249.504,544,,328557.1601,2074549.504
1189,494.8653,246.463,543.9,,328554.8653,2074546.463
1190,493.3372,244.943,543.8,,328553.3372,2074544.943
1191,488.7609,241.141,543.5,,328548.7609,2074541.141
1192,485.7041,237.331,543.3,,328545.7041,2074537.331
1193,484.1673,234.282,543.2,,328544.1673,2074534.282
1194,484.1431,230.47,543.1,,328544.1431,2074530.47
1195,484.1344,228.944,543,,328544.1344,2074528.944
1196,482.5841,223.602,542.7,,328542.5841,2074523.602
1197,482.5629,219.783,542.5,,328542.5629,2074519.783
1198,481.7891,217.492,542.3,,328541.7891,2074517.492
1199,479.4862,213.676,542,,328539.4862,2074513.676
1200,477.1783,209.092,541.7,,328537.1783,2074509.092
1201,476.3968,205.269,541.5,,328536.3968,2074505.269
1202,474.0955,202.213,541.3,,328534.0955,2074502.213
1203,472.5593,199.92,541.2,,328532.5593,2074499.92
1204,471.7883,198.392,541.1,,328531.7883,2074498.392
1205,467.9432,193.826,540.8,,328527.9432,2074493.826
1206,467.1631,191.542,540.7,,328527.1631,2074491.542
1207,464.8444,187.737,540.5,,328524.8444,2074487.737
1208,462.5257,183.933,540.4,,328522.5257,2074483.933
1209,459.4436,180.13,540.3,,328519.4436,2074480.13
1210,457.1238,176.325,540.2,,328517.1238,2074476.325
1211,455.5911,175.568,540.1,,328515.5911,2074475.568
1212,453.2811,173.291,540.1,,328513.2811,2074473.291
1213,450.969,171.019,540,,328510.969,2074471.019
1214,443.2858,167.279,540.3,,328503.2858,2074467.279
1215,436.3707,165.086,540.4,,328496.3707,2074465.086
1216,425.659,162.031,539.9,,328485.659,2074462.031
1217,419.5286,159.746,539.6,,328479.5286,2074459.746
1218,410.3801,159.633,539,,328470.3801,2074459.633
1219,401.2239,159.476,538.5,,328461.2239,2074459.476
1220,395.8699,159.425,538.3,,328455.8699,2074459.425
1221,390.5048,158.618,538,,328450.5048,2074458.618
1222,387.4414,158.59,537.9,,328447.4414,2074458.59
1223,383.5963,157.034,537.8,,328443.5963,2074457.034
1224,378.1972,154.001,537.6,,328438.1972,2074454.001
1225,377.4216,153.247,537.6,,328437.4216,2074453.247
1226,373.5628,150.998,537.8,,328433.5628,2074450.998
1227,368.1452,146.516,537.9,,328428.1452,2074446.516
1228,362.7288,142.058,538,,328422.7288,2074442.058
1229,359.6312,139.099,538.2,,328419.6312,2074439.099
1230,357.308,136.883,538.4,,328417.308,2074436.883
1231,354.2204,134.678,538.7,,328414.2204,2074434.678
1232,350.3595,131.736,538.9,,328410.3595,2074431.736
1233,344.9508,126.619,539.7,,328404.9508,2074426.619
1234,338.7938,122.342,540.6,,328398.7938,2074422.342
1235,334.1841,119.509,541.2,,328394.1841,2074419.509
1236,331.112,117.379,541.7,,328391.112,2074417.379
1237,326.5178,115.31,542.2,,328386.5178,2074415.31
1238,321.9368,113.308,542.6,,328381.9368,2074413.308
1239,315.8447,112.102,543.3,,328375.8447,2074412.102
1240,311.2743,110.793,544.1,,328371.2743,2074410.793
1241,283.3736,283.067,548,,328343.3736,2074583.067
1242,282.6378,286.09,548,,328342.6378,2074586.09
1243,280.411,289.923,548.3,,328340.411,2074589.923
1244,280.4161,292.905,548.1,,328340.4161,2074592.905
1245,278.1873,295.244,548.6,,328338.1873,2074595.244
1246,275.9621,299.82,548.3,,328335.9621,2074599.82
1247,275.1978,305.031,547.4,,328335.1978,2074605.031
1248,273.6601,308.003,547.1,,328333.6601,2074608.003
1249,271.358,312.474,546.7,,328331.358,2074612.474
1250,269.8103,316.193,546.1,,328329.8103,2074616.193
1251,268.2185,320.613,545.4,,328328.2185,2074620.613
1252,267.4476,322.107,545.2,,328327.4476,2074622.107
1253,265.9571,326.663,544.4,,328325.9571,2074626.663
1254,262.9448,331.989,544.4,,328322.9448,2074631.989
1255,261.424,335.765,544.2,,328321.424,2074635.765
1256,261.4182,338.016,544,,328321.4182,2074638.016
1257,259.9193,342.57,543.7,,328319.9193,2074642.57
1258,258.4283,346.379,543.4,,328318.4283,2074646.379
1259,256.9213,348.669,543.3,,328316.9213,2074648.669
1260,254.6713,352.489,543.1,,328314.6713,2074652.489
1261,253.9325,355.529,542.8,,328313.9325,2074655.529
1262,252.4192,359.323,542.7,,328312.4192,2074659.323
1263,250.1798,363.15,542.9,,328310.1798,2074663.15
1264,247.9658,368.5,543,,328307.9658,2074668.5
1265,246.4652,370.793,543.1,,328306.4652,2074670.793
1266,246.5042,374.588,543,,328306.5042,2074674.588
1267,245.0164,378.397,543.1,,328305.0164,2074678.397
1268,244.2834,382.195,543.1,,328304.2834,2074682.195
1269,242.7819,385.998,543,,328302.7819,2074685.998
1270,242.0454,390.552,542.9,,328302.0454,2074690.552
1271,242.0684,394.343,542.8,,328302.0684,2074694.343
1272,241.3222,397.382,542.6,,328301.3222,2074697.382
1273,240.5703,401.178,542.5,,328300.5703,2074701.178
1274,239.8157,404.217,542.4,,328299.8157,2074704.217
1275,239.8272,408.008,542.2,,328299.8272,2074708.008
1276,239.8387,411.801,542.1,,328299.8387,2074711.801
1277,239.0858,415.602,542,,328299.0858,2074715.602
1278,239.0956,418.639,541.8,,328299.0956,2074718.639
1279,239.1098,423.195,541.7,,328299.1098,2074723.195
1280,239.1214,426.994,541.6,,328299.1214,2074726.994
1281,239.1329,430.794,541.4,,328299.1329,2074730.794
1282,240.6733,434.582,541.3,,328300.6733,2074734.582
1283,240.6815,436.864,541.2,,328300.6815,2074736.864
1284,243.764,441.4,540.9,,328303.764,2074741.4
1285,246.8379,444.416,540.7,,328306.8379,2074744.416
1286,250.6589,444.382,540.6,,328310.6589,2074744.382
1287,252.1677,440.562,540.7,,328312.1677,2074740.562
1288,252.9148,437.513,540.8,,328312.9148,2074737.513
1289,252.9017,434.47,540.9,,328312.9017,2074734.47
1290,254.4173,429.895,540.9,,328314.4173,2074729.895
1291,255.1746,427.607,541,,328315.1746,2074727.607
1292,255.1631,423.808,541.1,,328315.1631,2074723.808
1293,255.1499,419.252,541.3,,328315.1499,2074719.252
1294,255.1411,416.216,541.4,,328315.1411,2074716.216
1295,256.6563,412.407,541.6,,328316.6563,2074712.407
1296,256.6475,409.373,541.8,,328316.6475,2074709.373
1297,256.6334,404.825,542,,328316.6334,2074704.825
1298,256.6236,401.794,542.2,,328316.6236,2074701.794
1299,255.8504,398.77,542.4,,328315.8504,2074698.77
1300,255.0699,395.745,542.6,,328315.0699,2074695.745
1301,254.283,392.718,542.8,,328314.283,2074692.718
1302,250.4797,395.027,542.7,,328310.4797,2074695.027
1303,248.9718,398.831,542.5,,328308.9718,2074698.831
1304,247.4538,401.875,542.4,,328307.4538,2074701.875
1305,246.703,405.672,542.2,,328306.703,2074705.672
1306,246.7128,408.706,542,,328306.7128,2074708.706
1307,246.7236,411.74,541.9,,328306.7236,2074711.74
1308,248.2661,415.52,541.7,,328308.2661,2074715.52
1309,249.7982,417.024,541.6,,328309.7982,2074717.024
1310,251.3112,411.699,541.8,,328311.3112,2074711.699
1311,252.8264,407.893,541.9,,328312.8264,2074707.893
1312,253.5756,403.337,542.2,,328313.5756,2074703.337
1313,255.0898,399.534,542.4,,328315.0898,2074699.534
1314,255.8274,394.98,542.6,,328315.8274,2074694.98
1315,257.3258,391.174,542.8,,328317.3258,2074691.174
1316,257.3081,388.9,543,,328317.3081,2074688.9
1317,258.0474,385.103,542.9,,328318.0474,2074685.103
1318,258.018,381.313,542.8,,328318.018,2074681.313
1319,257.9983,379.038,542.8,,328317.9983,2074679.038
1320,259.4909,375.985,542.7,,328319.4909,2074675.985
1321,259.4334,371.424,542.6,,328319.4334,2074671.424
1322,259.3859,367.622,542.5,,328319.3859,2074667.622
1323,260.0928,363.05,542.3,,328320.0928,2074663.05
1324,263.0813,359.957,542.1,,328323.0813,2074659.957
1325,264.5775,356.149,542,,328324.5775,2074656.149
1326,266.0759,352.343,542.3,,328326.0759,2074652.343
1327,266.8174,350.057,542.4,,328326.8174,2074650.057
1328,269.0413,345.455,542.6,,328329.0413,2074645.455
1329,269.7663,342.398,542.7,,328329.7663,2074642.398
1330,272.0237,338.578,542.7,,328332.0237,2074638.578
1331,272.7646,334.037,542.8,,328332.7646,2074634.037
1332,274.2571,329.474,542.8,,328334.2571,2074629.474
1333,274.2544,328.719,542.9,,328334.2544,2074628.719
1334,276.5066,323.394,543.2,,328336.5066,2074623.394
1335,278.7769,319.596,543.6,,328338.7769,2074619.596
1336,278.794,318.124,543.9,,328338.794,2074618.124
1337,281.0997,314.386,544.2,,328341.0997,2074614.386
1338,282.6507,309.185,544.8,,328342.6507,2074609.185
1339,283.4105,305.444,545.3,,328343.4105,2074605.444
1340,284.166,301.701,545.8,,328344.166,2074601.701
1341,284.9076,299.425,546.1,,328344.9076,2074599.425
1342,285.6434,294.906,546.6,,328345.6434,2074594.906
1343,285.6361,291.918,546.8,,328345.6361,2074591.918
1344,287.1235,288.861,546.7,,328347.1235,2074588.861
1345,287.8624,285.84,546.8,,328347.8624,2074585.84
1346,287.8429,282.09,547.1,,328347.8429,2074582.09
1347,287.0691,279.102,547.5,,328347.0691,2074579.102
1348,285.5548,276.908,548,,328345.5548,2074576.908
1349,281.077,276.38,549,,328341.077,2074576.38
1350,277.3655,277.324,549.7,,328337.3655,2074577.324
1351,275.9012,279.661,549.9,,328335.9012,2074579.661
1352,272.967,284.316,550.4,,328332.967,2074584.316
1353,272.2278,288.808,550.4,,328332.2278,2074588.808
1354,271.4876,291.815,550.5,,328331.4876,2074591.815
1355,270.7499,297.055,550.3,,328330.7499,2074597.055
1356,270.7513,300.776,549.5,,328330.7513,2074600.776
1357,269.2129,305.972,548.7,,328329.2129,2074605.972
1358,266.9219,309.703,548.3,,328326.9219,2074609.703
1359,266.1542,311.192,548.1,,328326.1542,2074611.192
1360,265.3346,314.858,547.4,,328325.3346,2074614.858
1361,262.9351,321.476,546.2,,328322.9351,2074621.476
1362,262.1861,323.746,545.8,,328322.1861,2074623.746
1363,261.4409,328.272,544.9,,328321.4409,2074628.272
1364,259.9216,331.295,544.8,,328319.9216,2074631.295
1365,257.6412,335.833,544.5,,328317.6412,2074635.833
1366,256.122,338.861,544.4,,328316.122,2074638.861
1367,254.6044,341.138,544.3,,328314.6044,2074641.138
1368,253.8608,343.421,544.1,,328313.8608,2074643.421
1369,250.858,347.254,543.9,,328310.858,2074647.254
1370,250.1154,349.535,543.7,,328310.1154,2074649.535
1371,247.8531,354.098,543.4,,328307.8531,2074654.098
1372,246.3319,357.13,543.2,,328306.3319,2074657.13
1373,244.0638,360.937,543.2,,328304.0638,2074660.937
1374,241.8195,364.004,543.3,,328301.8195,2074664.004
1375,240.3237,367.054,543.4,,328300.3237,2074667.054
1376,238.829,370.105,543.4,,328298.829,2074670.105
1377,238.8519,372.382,543.3,,328298.8519,2074672.382
1378,237.3736,376.197,543.3,,328297.3736,2074676.197
1379,236.6508,380.754,543.2,,328296.6508,2074680.754
1380,235.9223,386.066,543.1,,328295.9223,2074686.066
1381,235.9405,389.097,543,,328295.9405,2074689.097
1382,235.9587,392.129,542.9,,328295.9587,2074692.129
1383,235.9909,396.679,542.7,,328295.9909,2074696.679
1384,236.0026,398.195,542.7,,328296.0026,2074698.195
1385,236.0124,401.226,542.6,,328296.0124,2074701.226
1386,192.6827,435.775,547.3,,328252.6827,2074735.775
1387,192.6742,434.263,547.4,,328252.6742,2074734.263
1388,193.3913,430.475,547.3,,328253.3913,2074730.475
1389,194.0962,424.42,547.3,,328254.0962,2074724.42
1390,196.2851,419.103,547,,328256.2851,2074719.103
1391,198.4152,411.509,546.5,,328258.4152,2074711.509
1392,199.8576,406.192,546.3,,328259.8576,2074706.192
1393,202.0464,400.864,546,,328262.0464,2074700.864
1394,202.0118,397.079,546.1,,328262.0118,2074697.079
1395,203.4844,394.031,545.9,,328263.4844,2074694.031
1396,204.9447,388.713,545.9,,328264.9447,2074688.713
1397,206.3921,381.88,545.8,,328266.3921,2074681.88
1398,207.1124,378.084,545.7,,328267.1124,2074678.084
1399,208.5647,372.005,545.6,,328268.5647,2074672.005
1400,209.2769,367.45,545.6,,328269.2769,2074667.45
1401,210.7286,360.614,545.5,,328270.7286,2074660.614
1402,211.4807,358.34,545.5,,328271.4807,2074658.34
1403,211.488,355.329,545.8,,328271.488,2074655.329
1404,213.0066,351.545,546.1,,328273.0066,2074651.545
1405,213.0323,344.785,546.8,,328273.0323,2074644.785
1406,216.092,338.75,547.3,,328276.092,2074638.75
1407,216.8839,335.758,547.6,,328276.8839,2074635.758
1408,219.1936,332.004,547.9,,328279.1936,2074632.004
1409,220.7204,330.493,548,,328280.7204,2074630.493
1410,223.036,326,548.6,,328283.036,2074626
1411,223.8238,323.019,549.2,,328283.8238,2074623.019
1412,225.3974,320.056,549.8,,328285.3974,2074620.056
1413,227.7988,314.911,550.9,,328287.7988,2074614.911
1414,229.4092,311.253,551.6,,328289.4092,2074611.253
1415,229.455,309.805,552,,328289.455,2074609.805
1416,231.7863,307.608,552.4,,328291.7863,2074607.608
1417,233.1608,311.932,551.4,,328293.1608,2074611.932
1418,234.5396,316.267,550.3,,328294.5396,2074616.267
1419,235.2115,319.17,549.6,,328295.2115,2074619.17
1420,235.1243,323.584,548.6,,328295.1243,2074623.584
1421,235.0658,329.532,547.5,,328295.0658,2074629.532
1422,235.0085,335.491,546.7,,328295.0085,2074635.491
1423,234.9545,341.463,546,,328294.9545,2074641.463
1424,235.7069,345.212,545.4,,328295.7069,2074645.212
1425,235.7028,349.727,544.8,,328295.7028,2074649.727
1426,235.6993,353.492,544.4,,328295.6993,2074653.492
1427,235.6922,359.52,543.8,,328295.6922,2074659.52
1428,235.7408,364.83,543.6,,328295.7408,2074664.83
1429,235.7647,367.107,543.6,,328295.7647,2074667.107
1430,234.2865,370.922,543.5,,328294.2865,2074670.922
1431,233.5604,373.967,543.5,,328293.5604,2074673.967
1432,232.0779,377.777,543.5,,328292.0779,2074677.777
1433,229.8273,382.347,543.5,,328289.8273,2074682.347
1434,229.0864,385.384,543.5,,328289.0864,2074685.384
1435,227.5868,387.676,543.6,,328287.5868,2074687.676
1436,225.3526,391.495,543.7,,328285.3526,2074691.495
1437,224.6313,395.295,543.7,,328284.6313,2074695.295
1438,222.394,400.624,543.8,,328282.394,2074700.624
1439,221.6446,403.662,543.7,,328281.6446,2074703.662
1440,220.1459,409.737,543.7,,328280.1459,2074709.737
1441,218.6439,414.299,543.7,,328278.6439,2074714.299
1442,216.3981,418.114,543.8,,328276.3981,2074718.114
1443,214.9157,423.437,543.8,,328274.9157,2074723.437
1444,214.9413,426.472,543.7,,328274.9413,2074726.472
1445,214.2221,430.271,543.7,,328274.2221,2074730.271
1446,214.2458,434.822,543.5,,328274.2458,2074734.822
1447,214.2748,439.375,543.4,,328274.2748,2074739.375
1448,214.3,443.169,543.2,,328274.3,2074743.169
1449,215.8256,446.952,543,,328275.8256,2074746.952
1450,216.5908,449.224,542.8,,328276.5908,2074749.224
1451,217.3512,450.737,542.7,,328277.3512,2074750.737
1452,219.6478,456.037,542.7,,328279.6478,2074756.037
1453,221.1911,458.302,542.6,,328281.1911,2074758.302
1454,222.7609,462.083,542.6,,328282.7609,2074762.083
1455,225.056,464.344,542.4,,328285.056,2074764.344
1456,228.0897,465.844,542.1,,328288.0897,2074765.844
1457,229.6208,467.352,542,,328289.6208,2074767.352
1458,234.1766,469.604,541.6,,328294.1766,2074769.604
1459,236.4505,470.351,541.5,,328296.4505,2074770.351
1460,240.2591,471.846,541.4,,328300.2591,2074771.846
1461,244.8695,474.085,541.1,,328304.8695,2074774.085
1462,247.9623,477.096,541,,328307.9623,2074777.096
1463,248.0038,480.132,541.1,,328308.0038,2074780.132
1464,248.0362,482.408,541.2,,328308.0362,2074782.408
1465,242.752,485.478,541.7,,328302.752,2074785.478
1466,237.464,487.789,542.3,,328297.464,2074787.789
1467,231.4082,488.581,542.8,,328291.4082,2074788.581
1468,229.1402,488.592,543,,328289.1402,2074788.592
1469,226.1162,488.608,543.3,,328286.1162,2074788.608
1470,220.8284,488.633,543.8,,328280.8284,2074788.633
1471,215.5337,487.902,544.2,,328275.5337,2074787.902
1472,210.2516,487.169,544.7,,328270.2516,2074787.169
1473,205.7207,485.674,545.1,,328265.7207,2074785.674
1474,202.7071,484.171,545.5,,328262.7071,2074784.171
1475,199.7191,481.901,545.9,,328259.7191,2074781.901
1476,196.7343,479.634,546.4,,328256.7343,2074779.634
1477,192.2384,474.348,547.1,,328252.2384,2074774.348
1478,188.5085,469.821,547.9,,328248.5085,2074769.821
1479,187.7497,467.557,548,,328247.7497,2074767.557
1480,187.713,463.779,548,,328247.713,2074763.779
1481,187.6917,460.755,548,,328247.6917,2074760.755
1482,187.6666,456.977,548.1,,328247.6666,2074756.977
1483,188.3706,452.437,547.9,,328248.3706,2074752.437
1484,191.2776,447.128,547.3,,328251.2776,2074747.128
1485,193.4721,444.844,546.9,,328253.4721,2074744.844
1486,194.9665,447.86,546.4,,328254.9665,2074747.86
1487,195.7238,450.882,546.2,,328255.7238,2074750.882
1488,195.7393,453.154,546.2,,328255.7393,2074753.154
1489,195.7606,456.181,546.2,,328255.7606,2074756.181
1490,195.7761,458.452,546.3,,328255.7761,2074758.452
1491,195.8108,462.236,546.3,,328255.8108,2074762.236
1492,196.5786,465.26,546.2,,328256.5786,2074765.26
1493,196.6153,469.044,546.3,,328256.6153,2074769.044
1494,198.8557,471.309,545.9,,328258.8557,2074771.309
1495,201.105,474.334,545.5,,328261.105,2074774.334
1496,204.8553,476.593,544.9,,328264.8553,2074776.593
1497,209.3782,477.326,544.4,,328269.3782,2074777.326
1498,213.8952,477.303,544,,328273.8952,2074777.303
1499,216.9086,477.287,543.7,,328276.9086,2074777.287
1500,218.4063,476.521,543.5,,328278.4063,2074776.521
1501,244.7584,289.063,554.6,,328304.7584,2074589.063
1502,247.7356,287.5,554.4,,328307.7356,2074587.5
1503,249.973,284.482,554.3,,328309.973,2074584.482
1504,251.4475,280.717,554.2,,328311.4475,2074580.717
1505,255.8202,273.783,553.8,,328315.8202,2074573.783
1506,258.7328,269.88,553.5,,328318.7328,2074569.88
1507,260.9229,266.769,553.1,,328320.9229,2074566.769
1508,264.5966,262.847,552.5,,328324.5966,2074562.847
1509,268.2809,258.925,551.9,,328328.2809,2074558.925
1510,271.2194,254.281,551.3,,328331.2194,2074554.281
1511,272.6785,250.454,551.1,,328332.6785,2074550.454
1512,273.4052,248.165,551,,328333.4052,2074548.165
1513,273.3667,242.911,551,,328333.3667,2074542.911
1514,275.5742,239.047,550.6,,328335.5742,2074539.047
1515,277.7886,235.934,550.2,,328337.7886,2074535.934
1516,279.2504,231.361,549.9,,328339.2504,2074531.361
1517,275.5124,230.792,550.6,,328335.5124,2074530.792
1518,269.5789,232.621,551.6,,328329.5789,2074532.621
1519,265.1571,236.606,552.4,,328325.1571,2074536.606
1520,262.2202,240.502,552.9,,328322.2202,2074540.502
1521,260.0252,244.354,553.2,,328320.0252,2074544.354
1522,259.2911,245.139,553.4,,328319.2911,2074545.139
1523,257.8323,248.203,553.6,,328317.8323,2074548.203
1524,253.4288,255.114,554.4,,328313.4288,2074555.114
1525,251.2146,257.435,554.8,,328311.2146,2074557.435
1526,250.4978,260.459,554.9,,328310.4978,2074560.459
1527,246.1422,267.413,555.5,,328306.1422,2074567.413
1528,244.6855,268.979,555.7,,328304.6855,2074568.979
1529,242.4867,270.565,556,,328302.4867,2074570.565
1530,234.3461,275.267,556.8,,328294.3461,2074575.267
1531,228.3815,281.31,556.7,,328288.3815,2074581.31
1532,223.109,287.279,556.2,,328283.109,2074587.279
1533,219.2751,293.177,555.5,,328279.2751,2074593.177
1534,217.7197,296.857,554.9,,328277.7197,2074596.857
1535,214.6193,302.01,553.8,,328274.6193,2074602.01
1536,211.5154,304.942,553.3,,328271.5154,2074604.942
1537,209.9055,307.852,552.7,,328269.9055,2074607.852
1538,207.5254,311.512,552,,328267.5254,2074611.512
1539,202.879,315.956,551.2,,328262.879,2074615.956
1540,200.4894,319.631,550.6,,328260.4894,2074619.631
1541,197.3658,325.592,549.5,,328257.3658,2074625.592
1542,196.5828,327.832,549.2,,328256.5828,2074627.832
1543,194.2482,333.821,548.9,,328254.2482,2074633.821
1544,191.2293,339.118,548.8,,328251.2293,2074639.118
1545,191.2167,343.62,548.5,,328251.2167,2074643.62
1546,189.7171,350.411,548.3,,328249.7171,2074650.411
1547,188.9916,357.206,548.1,,328248.9916,2074657.206
1548,189.0023,360.222,548,,328249.0023,2074660.222
1549,189.0497,365.512,548,,328249.0497,2074665.512
1550,188.3399,369.304,548.1,,328248.3399,2074669.304
1551,187.6338,372.343,548.2,,328247.6338,2074672.343
1552,186.1706,373.883,548.4,,328246.1706,2074673.883
1553,184.0023,378.459,548.7,,328244.0023,2074678.459
1554,182.5492,380.751,548.9,,328242.5492,2074680.751
1555,179.654,386.089,549.3,,328239.654,2074686.089
1556,178.2141,390.638,549.6,,328238.2141,2074690.638
1557,178.2756,395.169,549.9,,328238.2756,2074695.169
1558,178.3555,400.455,550.2,,328238.3555,2074700.455
1559,178.4011,403.474,550.3,,328238.4011,2074703.474
