ID,X,Y,ELEV,DESC
1,328286.2015,2074902.045,545.3,
2,328273.0115,2074889.935,545.8,
3,328269.1753,2074885.419,545.9,
4,328265.3449,2074881.662,546,
5,328257.6691,2074877.215,546,
6,328246.9151,2074872.058,546,
7,328240.8105,2074868.313,546.1,
8,328234.7366,2074863.788,546.4,
9,328225.6795,2074857.736,547.5,
10,328219.7453,2074853.14,548.4,
11,328219.0044,2074852.377,548.5,
12,328216.7891,2074850.084,549,
13,328212.3923,2074845.487,550,
14,328209.4683,2074843.184,550.6,
15,328206.6429,2074839.322,551.5,
16,328203.1189,2074834.698,553.1,
17,328201.7264,2074831.638,553.8,
18,328200.3351,2074828.582,554.5,
19,328198.244,2074824.762,555.6,
20,328195.4553,2074820.185,556.8,
21,328192.7066,2074812.605,558.3,
22,328190.5506,2074807.342,559,
23,328188.3947,2074803.584,559.7,
24,328187.6655,2074799.84,559.9,
25,328186.2083,2074792.356,560.2,
26,328182.6202,2074783.38,560.9,
27,328180.4788,2074777.405,561.6,
28,328179.0398,2074768.456,562.5,
29,328176.1871,2074758.032,563.6,
30,328173.269,2074750.611,564.2,
31,328170.2493,2074742.457,564.4,
32,328169.4809,2074739.49,564.4,
33,328167.1401,2074732.82,564.5,
34,328167.0313,2074727.614,564.4,
35,328166.982,2074724.639,564.4,
36,328166.214,2074722.415,564.4,
37,328165.4592,2074720.934,564.4,
38,328163.9485,2074717.974,564.3,
39,328162.4005,2074712.782,564,
40,328161.5952,2074708.325,563.7,
41,328161.4311,2074700.875,563.3,
42,328161.2626,2074694.906,562.9,
43,328161.1617,2074688.944,562.6,
44,328161.1112,2074685.962,562.5,
45,328161.0223,2074680.741,562.3,
46,328160.9334,2074675.52,562.1,
47,328160.896,2074673.282,562.1,
48,328162.223,2074666.536,561.6,
49,328164.9926,2074660.497,560.9,
50,328165.0063,2074653.81,561.1,
51,328167.899,2074648.544,561,
52,328171.5182,2074640.288,560.9,
53,328173.6993,2074635.038,560.9,
54,328175.1549,2074631.29,560.9,
55,328175.1451,2074627.57,561.1,
56,328177.3023,2074623.051,561,
57,328178.0316,2074619.32,561.1,
58,328179.4923,2074611.861,561.3,
59,328180.2684,2074606.673,561.5,
60,328181.7617,2074602.204,561.6,
61,328184.1918,2074588.211,562.7,
62,328185.0312,2074582.341,563.4,
63,328185.8716,2074577.959,564,
64,328187.541,2074571.416,564.8,
65,328187.6813,2074566.352,565.6,
66,328189.2676,2074560.51,566.2,
67,328189.3394,2074556.146,566.7,
68,328190.8873,2074551.761,567.1,
69,328191.7149,2074546.673,567.7,
70,328193.2331,2074542.272,568.2,
71,328194.7373,2074539.333,568.6,
72,328196.2415,2074536.395,568.9,
73,328199.9833,2074529.773,569.1,
74,328201.4712,2074526.09,569.1,
75,328205.1223,2074520.855,568.9,
76,328205.8436,2074519.359,568.8,
77,328207.284,2074516.364,568.7,
78,328209.4475,2074513.338,568.4,
79,328210.8815,2074510.334,568.3,
80,328213.0314,2074505.824,568.1,
81,328215.9175,2074502.026,567.7,
82,328217.3447,2074498.275,567.5,
83,328222.3858,2074489.954,566.9,
84,328223.8073,2074485.457,566.8,
85,328225.2454,2074482.444,566.6,
86,328227.4194,2074479.41,566.4,
87,328230.3077,2074474.126,566.2,
88,328233.2099,2074468.858,566,
89,328234.6348,2074465.085,565.8,
90,328236.7954,2074461.288,565.6,
91,328238.9293,2074455.252,565.5,
92,328241.821,2074450.681,565.3,
93,328244.7116,2074446.104,565.1,
94,328246.8764,2074442.297,565,
95,328249.0769,2074439.279,564.8,
96,328250.5312,2074437,564.7,
97,328253.4499,2074433.187,564.4,
98,328255.6199,2074429.378,564.1,
99,328259.2843,2074426.276,563.7,
100,328261.4424,2074422.431,563.4,
101,328264.3334,2074419.275,562.9,
102,328266.4856,2074416.866,562.5,
103,328268.6271,2074414.43,562.2,
104,328271.5218,2074412.717,561.7,
105,328275.1581,2074410.235,561.1,
106,328279.5478,2074409.196,560.5,
107,328283.2093,2074408.205,559.9,
108,328288.321,2074406.321,559,
109,328294.1881,2074405.865,557.9,
110,328299.3236,2074405.437,556.6,
111,328302.2601,2074405.181,555.9,
112,328305.9373,2074404.865,555.1,
113,328308.8984,2074404.656,554.4,
114,328314.8421,2074404.274,553,
115,328318.548,2074403.989,552.1,
116,328320.7702,2074403.802,551.7,
117,328323.7373,2074403.552,551.2,
118,328328.9785,2074403.264,550.4,
119,328332.7273,2074403.058,549.8,
120,328336.4771,2074402.842,549.2,
121,328340.9906,2074403.345,548.6,
122,328342.4957,2074403.268,548.3,
123,328346.2877,2074405.366,547.7,
124,328351.5843,2074406.634,546.9,
125,328356.116,2074407.86,546.3,
126,328359.1507,2074409.931,545.8,
127,328365.9746,2074412.529,544.7,
128,328368.2632,2074414.653,544.3,
129,328371.3107,2074416.732,543.7,
130,328374.3809,2074421.076,543,
131,328376.6817,2074423.961,542.5,
132,328377.4674,2074427.659,542.1,
133,328381.3142,2074433.449,541.3,
134,328379.0487,2074435.816,541.4,
135,328376.0047,2074435.955,541.9,
136,328373.7238,2074436.059,542.2,
137,328363.0701,2074432.088,544.2,
138,328352.4642,2074427.454,546,
139,328347.1762,2074425.51,547,
140,328344.9093,2074424.145,547.5,
141,328341.9102,2074424.347,548.1,
142,328336.6656,2074423.23,549.2,
143,328331.4352,2074422.851,550.2,
144,328327.6912,2074422.324,550.9,
145,328323.2177,2074422.613,551.8,
146,328318.7529,2074421.442,552.7,
147,328315.0577,2074421.745,553.7,
148,328309.8957,2074422.168,555,
149,328306.2174,2074422.473,555.9,
150,328301.0895,2074422.93,557.2,
151,328298.8959,2074423.126,557.8,
152,328293.761,2074423.514,559.1,
153,328288.6109,2074423.841,560.1,
154,328284.9393,2074424.075,560.5,
155,328282.7686,2074425.746,560.9,
156,328281.3623,2074428.896,561.3,
157,328279.2267,2074432.09,561.7,
158,328277.7909,2074434.433,562,
159,328276.3618,2074437.518,562.3,
160,328274.1992,2074440.636,562.6,
161,328272.0476,2074444.503,562.9,
162,328269.1552,2074449.114,563.1,
163,328267.7152,2074452.161,563.1,
164,328265.5409,2074455.969,563.2,
165,328263.3891,2074462.005,563.2,
166,328261.2237,2074466.552,563.3,
167,328256.1139,2074474.857,563.6,
168,328255.3785,2074475.616,563.7,
169,328248.0336,2074482.474,564.3,
170,328244.399,2074487.786,564.7,
171,328243.6835,2074490.037,564.7,
172,328240.0531,2074495.344,565.1,
173,328237.1526,2074499.885,565.5,
174,328232.7898,2074505.938,566,
175,328231.3357,2074508.934,566.2,
176,328229.165,2074514.17,566.4,
177,328226.991,2074517.201,566.6,
178,328224.8238,2074520.97,566.9,
179,328222.6659,2074526.214,567.1,
180,328220.4809,2074530.695,567.3,
181,328219.0175,2074534.409,567.5,
182,328216.8099,2074540.338,567.1,
183,328215.3144,2074545.493,566.7,
184,328213.8186,2074549.916,566.3,
185,328212.2534,2074555.755,565.7,
186,328211.4692,2074558.676,565.4,
187,328210.6492,2074563.782,564.9,
188,328209.8374,2074566.687,564.5,
189,328209.0147,2074568.848,564.1,
190,328207.333,2074574.63,562.9,
191,328206.4821,2074577.519,562.3,
192,328205.6563,2074579.691,561.9,
193,328205.5083,2074584.03,560.9,
194,328204.6015,2074590.603,559.5,
195,328204.5031,2074594.251,558.7,
196,328201.4165,2074600.915,558.2,
197,328200.6051,2074605.348,558,
198,328198.334,2074612.058,557.8,
199,328197.5735,2074616.529,557.5,
200,328196.82,2074620.259,557.3,
201,328196.7996,2074626.21,556.8,
202,328196.0762,2074630.704,556.8,
203,328195.3533,2074637.435,556.8,
204,328193.9157,2074642.699,556.9,
205,328193.2378,2074648.704,556.9,
206,328193.2578,2074653.189,556.8,
207,328193.2688,2074655.431,556.7,
208,328192.554,2074658.438,556.8,
209,328191.9051,2074665.196,557.1,
210,328191.979,2074669.697,557.2,
211,328191.3507,2074675.71,557.5,
212,328191.4636,2074681.708,557.7,
213,328191.6635,2074689.961,558,
214,328191.7732,2074694.459,558.5,
215,328191.2297,2074701.214,559.3,
216,328191.3268,2074704.21,559.7,
217,328191.4475,2074707.953,560.1,
218,328191.6651,2074714.684,560.8,
219,328191.7993,2074721.4,561.4,
220,328191.8981,2074730.349,561.4,
221,328192.6854,2074736.308,561.3,
222,328193.418,2074742.27,561.2,
223,328194.8844,2074749.722,560.9,
224,328194.9043,2074754.202,560.6,
225,328196.2928,2074760.179,559.9,
226,328196.9508,2074767.666,559.1,
227,328198.3353,2074775.164,558.2,
228,328199.0461,2074782.662,557.5,
229,328201.1926,2074789.423,556.7,
230,328201.1895,2074795.431,556.5,
231,328203.3419,2074801.457,555.6,
232,328206.2232,2074810.507,554.3,
233,328206.9305,2074814.285,553.8,
234,328209.0332,2074818.099,553.1,
235,328211.1686,2074823.418,552.2,
236,328214.0831,2074827.22,551.4,
237,328217.7498,2074830.268,550.6,
238,328219.9362,2074833.318,550,
239,328222.1261,2074835.614,549.5,
240,328225.0589,2074837.157,549,
241,328227.2553,2074839.457,548.5,
242,328230.9719,2074840.227,547.9,
243,328234.6908,2074842.52,547.2,
244,328240.7234,2074845.538,546.8,
245,328242.9878,2074846.289,546.7,
246,328248.3012,2074849.293,546.5,
247,328250.6015,2074851.543,546.4,
248,328252.1319,2074852.284,546.3,
249,328255.2077,2074855.28,546.2,
250,328259.807,2074858.26,546.1,
251,328263.644,2074861.246,546,
252,328265.9363,2074862.742,546,
253,328268.2345,2074864.994,545.9,
254,328270.5407,2074868.004,545.8,
255,328272.8389,2074870.258,545.8,
256,328275.9111,2074874.02,545.7,
257,328277.4502,2074876.278,545.6,
258,328280.5224,2074880.04,545.5,
259,328285.1348,2074886.062,545.3,
260,328287.4427,2074889.838,545.3,
261,328289.7357,2074892.102,545.2,
262,328292.0287,2074894.365,545.1,
263,328295.0819,2074896.625,545,
264,328297.377,2074898.89,544.9,
265,328301.2012,2074902.666,544.8,
266,328303.4915,2074904.172,544.7,
267,328306.5545,2074907.959,544.3,
268,328309.6047,2074910.234,544.1,
269,328312.6493,2074910.981,543.9,
270,328314.9327,2074911.732,543.8,
271,328320.2477,2074912.491,543.6,
272,328321.7557,2074912.507,543.5,
273,328327.0462,2074912.551,543.2,
274,328330.074,2074911.799,542.9,
275,328332.3411,2074909.504,542.8,
276,328334.6083,2074907.21,542.7,
277,328335.3636,2074906.447,542.7,
278,328338.3668,2074902.656,542.6,
279,328341.3766,2074900.402,542.3,
280,328345.1339,2074896.626,542.1,
281,328347.3893,2074892.814,541.9,
282,328348.131,2074889.756,541.9,
283,328348.1136,2074886.7,542,
284,328348.0751,2074882.139,542.1,
285,328348.0456,2074878.333,542.2,
286,328346.5057,2074875.284,542.4,
287,328344.2232,2074874.52,542.6,
288,328341.1767,2074872.993,542.9,
289,328337.3852,2074872.22,543.1,
290,328329.0183,2074870.725,543.7,
291,328325.9705,2074869.982,543.9,
292,328322.1636,2074869.244,544.1,
293,328315.302,2074867.009,544.3,
294,328309.9698,2074865.524,544.5,
295,328305.4079,2074864.79,544.6,
296,328300.837,2074863.302,544.8,
297,328295.4921,2074860.306,545,
298,328287.8739,2074857.324,545.2,
299,328281.7751,2074854.334,545.5,
300,328277.9708,2074852.841,545.6,
301,328271.1122,2074849.099,545.8,
302,328265.7604,2074845.356,546,
303,328260.4393,2074843.117,546.2,
304,328253.5886,2074838.617,546.5,
305,328250.5396,2074836.367,546.7,
306,328243.7078,2074831.861,547.3,
307,328239.9873,2074828.814,547.7,
308,328237.0129,2074826.531,548,
309,328234.0382,2074825.009,548.5,
310,328231.0748,2074821.97,549.2,
311,328228.11,2074819.694,549.8,
312,328225.9116,2074817.41,550.3,
313,328224.4557,2074815.128,550.7,
314,328223.0008,2074812.849,551.2,
315,328220.0663,2074807.553,551.9,
316,328218.5988,2074803.775,552.4,
317,328216.401,2074799.247,553,
318,328214.9367,2074795.477,553.5,
319,328213.4745,2074791.709,554,
320,328211.2822,2074787.195,554.7,
321,328210.5518,2074783.433,555,
322,328209.095,2074779.675,555.6,
323,328208.3763,2074775.917,556.1,
324,328207.6944,2074770.654,556.8,
325,328206.3014,2074766.146,557.5,
326,328205.6575,2074759.392,558.3,
327,328205.6965,2074754.894,558.7,
328,328205.6849,2074751.9,559,
329,328204.9691,2074745.918,559.2,
330,328204.9749,2074742.178,559.2,
331,328204.2449,2074735.457,559.3,
332,328204.2044,2074731.721,559.3,
333,328204.1755,2074726.491,559.3,
334,328204.1503,2074722.008,559.3,
335,328204.0962,2074716.778,559,
336,328203.8373,2074708.539,558.2,
337,328203.7176,2074704.789,557.8,
338,328203.5978,2074701.035,557.5,
339,328203.5081,2074698.032,557.2,
340,328203.3842,2074692.777,556.7,
341,328203.2427,2074686.768,556.2,
342,328203.1371,2074682.258,556.1,
343,328205.1785,2074673.954,555.5,
344,328205.8415,2074669.433,555.3,
345,328205.8072,2074667.178,555.2,
346,328207.9345,2074662.625,554.7,
347,328207.8775,2074658.117,554.6,
348,328207.8436,2074655.112,554.6,
349,328208.5203,2074650.587,554.4,
350,328209.2139,2074647.564,554.3,
351,328210.6111,2074642.266,554.1,
352,328211.3296,2074637.007,553.9,
353,328212.7818,2074631.731,553.7,
354,328214.2356,2074627.203,553.5,
355,328215.6952,2074621.93,553.9,
356,328217.2147,2074615.944,554.4,
357,328220.2765,2074610.715,554.6,
358,328223.3182,2074603.987,555.1,
359,328225.6634,2074598.805,555.6,
360,328227.2759,2074595.143,556.1,
361,328228.8645,2074592.213,556.7,
362,328229.7253,2074588.571,557.5,
363,328232.0792,2074584.912,558.3,
364,328232.8954,2074582.732,558.8,
365,328235.2962,2074577.644,559.9,
366,328237.6471,2074574.006,560.7,
367,328241.5722,2074567.477,562.1,
368,328243.1606,2074561.645,562.7,
369,328245.4247,2074556.48,562.9,
370,328246.8913,2074554.96,562.8,
371,328248.3528,2074551.96,562.9,
372,328249.8081,2074547.481,563,
373,328252.0013,2074542.98,563,
374,328254.9227,2074536.24,563,
375,328256.3776,2074531.022,562.9,
376,328257.1079,2074528.784,562.8,
377,328258.5657,2074525.042,562.6,
378,328262.2293,2074518.282,562.1,
379,328262.9596,2074516.044,562,
380,328265.1592,2074511.549,561.8,
381,328267.365,2074508.53,561.6,
382,328268.0978,2074507.029,561.6,
383,328270.2895,2074501.787,561.5,
384,328272.4873,2074498.017,561.4,
385,328273.2123,2074495.77,561.4,
386,328276.1298,2074491.944,561.3,
387,328277.5862,2074489.658,561.2,
388,328280.5011,2074485.084,561,
389,328283.4227,2074481.251,560.8,
390,328287.0796,2074476.642,560.4,
391,328290.739,2074472.761,560.1,
392,328294.4072,2074469.62,559.6,
393,328298.7919,2074467.115,558.8,
394,328300.96,2074464.702,558.4,
395,328303.8938,2074464.5,557.8,
396,328308.2737,2074461.931,556.9,
397,328312.6736,2074460.851,555.9,
398,328319.9926,2074457.973,554.2,
399,328326.6014,2074455.137,552.3,
400,328329.5499,2074454.129,551.5,
401,328336.2129,2074453.534,549.8,
402,328339.1794,2074452.53,549,
403,328343.6501,2074452.157,547.9,
404,328347.3832,2074451.845,546.9,
405,328354.1317,2074449.877,545.5,
406,328364.7228,2074448.619,543.7,
407,328373.8293,2074448.184,542.1,
408,328376.8701,2074448.039,541.6,
409,328382.9591,2074447.746,540.8,
410,328389.0598,2074447.475,540.2,
411,328392.881,2074447.339,539.8,
412,328397.4823,2074448.689,539.4,
413,328401.3307,2074450.838,539,
414,328404.4372,2074455.343,538.9,
415,328405.9991,2074458.372,538.8,
416,328407.5682,2074462.186,538.8,
417,328409.9048,2074465.983,538.7,
418,328411.4668,2074469.028,538.7,
419,328411.5033,2074472.903,538.9,
420,328411.5468,2074477.551,539.2,
421,328411.5691,2074479.874,539.4,
422,328409.3072,2074483.787,539.7,
423,328407.7986,2074486.137,540,
424,328404.7372,2074486.21,540.3,
425,328398.6234,2074486.435,541,
426,328390.9949,2074486.723,541.8,
427,328387.9475,2074486.837,542.1,
428,328383.3675,2074486.215,542.5,
429,328380.2957,2074483.998,542.7,
430,328375.6935,2074481.059,543.1,
431,328371.114,2074479.673,543.8,
432,328366.5615,2074479.854,544.5,
433,328361.2607,2074480.083,545.3,
434,328358.9913,2074480.18,545.6,
435,328351.4567,2074482.78,546.8,
436,328347.7213,2074483.067,547.6,
437,328341.7615,2074483.536,549.2,
438,328335.8613,2074487.052,550.7,
439,328332.9265,2074489.559,551.4,
440,328327.7881,2074493.715,552.6,
441,328324.112,2074496.221,553.5,
442,328321.1776,2074498.665,554.1,
443,328318.2543,2074501.857,554.6,
444,328316.0718,2074504.998,555,
445,328313.8832,2074508.854,555.3,
446,328308.7228,2074514.286,556.1,
447,328305.778,2074518.125,556.5,
448,328302.8468,2074523.455,556.7,
449,328299.1767,2074528.811,557.1,
450,328296.9872,2074533.366,557.2,
451,328291.8489,2074540.987,558,
452,328290.3881,2074544.753,558.2,
453,328284.5237,2074550.923,558.9,
454,328278.6936,2074559.331,559.5,
455,328275.0226,2074563.895,559.8,
456,328272.7886,2074567.628,559.7,
457,328271.2878,2074570.599,559.3,
458,328269.0181,2074575.038,558.8,
459,328266.7171,2074578.71,558.3,
460,328264.4141,2074582.386,557.7,
461,328262.8533,2074586.052,557.1,
462,328260.5163,2074589.71,556.4,
463,328256.6333,2074594.842,555.4,
464,328254.3041,2074597.038,554.9,
465,328251.8962,2074600.665,554.3,
466,328249.5612,2074603.613,553.7,
467,328247.9801,2074606.558,553.2,
468,328244.853,2074610.992,552.5,
469,328244.0031,2074614.673,551.9,
470,328242.3797,2074619.104,551.2,
471,328240.8174,2074622.834,550.6,
472,328239.3097,2074627.35,549.9,
473,328238.5474,2074631.854,549.8,
474,328238.5384,2074634.1,549.8,
475,328237.7941,2074637.116,549.8,
476,328237.8,2074640.871,549.7,
477,328236.3237,2074646.161,549.8,
478,328236.3476,2074652.932,549.8,
479,328235.6813,2074661.244,549.9,
480,328235.0271,2074668.807,550,
481,328232.8932,2074675.639,550.4,
482,328232.2172,2074680.933,550.5,
483,328232.2528,2074684.702,550.5,
484,328231.5735,2074688.488,550.7,
485,328231.6455,2074693.016,550.9,
486,328231.0022,2074698.309,551.5,
487,328231.1244,2074705.096,551.9,
488,328230.4821,2074708.877,552.3,
489,328230.5978,2074714.153,552.7,
490,328230.6818,2074719.421,553,
491,328230.7487,2074731.456,552.8,
492,328230.7779,2074736.722,552.6,
493,328230.8051,2074745.001,552.4,
494,328230.8308,2074752.531,552.2,
495,328230.8511,2074758.558,551.9,
496,328230.8608,2074761.573,551.8,
497,328232.3255,2074764.584,551.3,
498,328234.5581,2074770.609,550.6,
499,328239.0239,2074776.631,549.5,
500,328242.0288,2074781.905,548.9,
501,328245.0053,2074787.193,548.4,
502,328247.9776,2074790.974,547.9,
503,328255.4062,2074796.279,546.8,
504,328263.6861,2074802.321,545.9,
505,328269.019,2074806.076,545.5,
506,328275.1291,2074811.341,545.3,
507,328281.2491,2074815.842,545,
508,328286.6052,2074819.592,544.7,
509,328290.4291,2074821.837,544.6,
510,328295.0222,2074824.834,544.4,
511,328299.6275,2074828.585,544.3,
512,328302.6885,2074830.075,544.2,
513,328305.0024,2074832.323,544.2,
514,328311.1223,2074835.306,544.1,
515,328312.6628,2074836.807,544.1,
516,328317.2733,2074840.555,544.2,
517,328323.406,2074845.058,544,
518,328327.231,2074847.308,543.7,
519,328332.5855,2074850.309,543.2,
520,328334.8651,2074850.3,543,
521,328337.1697,2074852.561,542.8,
522,328340.9895,2074854.826,542.5,
523,328345.5686,2074857.095,542.2,
524,328350.909,2074859.367,541.8,
525,328354.7133,2074859.358,541.5,
526,328357.7564,2074859.356,541.1,
527,328360.8062,2074860.889,540.8,
528,328365.3668,2074860.907,540.3,
529,328369.1702,2074860.919,539.9,
530,328372.9779,2074860.932,539.5,
531,328376.0094,2074859.425,539.2,
532,328375.9625,2074854.878,539.2,
533,328375.9306,2074851.845,539.3,
534,328372.8353,2074847.286,539.6,
535,328368.9859,2074842.715,539.9,
536,328365.1546,2074839.663,540.2,
537,328361.3173,2074836.632,540.5,
538,328357.4768,2074833.61,540.7,
539,328355.9462,2074832.856,540.8,
540,328352.1117,2074830.6,541.1,
541,328345.9812,2074827.602,541.5,
542,328342.1456,2074825.35,541.7,
543,328337.5614,2074823.091,542,
544,328329.9035,2074819.349,542.2,
545,328322.2405,2074815.614,542.4,
546,328318.405,2074813.368,542.5,
547,328313.8062,2074811.131,542.7,
548,328309.1952,2074808.138,542.8,
549,328303.8218,2074805.15,543,
550,328297.7057,2074802.921,543.2,
551,328293.8887,2074801.43,543.4,
552,328290.0717,2074799.939,543.6,
553,328286.2631,2074798.447,543.8,
554,328279.423,2074795.449,544.2,
555,328271.0681,2074791.705,544.8,
556,328266.5187,2074789.455,545.1,
557,328261.986,2074785.684,545.6,
558,328257.5107,2074782.657,546.3,
559,328253.7809,2074779.635,546.9,
560,328251.5294,2074776.615,547.3,
561,328250.0193,2074773.596,547.6,
562,328246.2846,2074768.316,548.3,
563,328244.0336,2074763.036,548.8,
564,328242.5408,2074759.266,549.2,
565,328241.0443,2074754.743,549.6,
566,328241.0193,2074750.969,549.7,
567,328240.9895,2074746.442,549.8,
568,328240.9654,2074741.159,550,
569,328240.9456,2074735.88,550.1,
570,328240.903,2074728.338,550.4,
571,328240.8673,2074721.553,550.6,
572,328242.2221,2074713.236,550,
573,328244.2555,2074701.875,549.2,
574,328247.1162,2074692.765,548.4,
575,328249.9492,2074680.622,547.9,
576,328253.5533,2074669.214,547.4,
577,328257.2003,2074660.071,546.9,
578,328258.6824,2074655.518,546.9,
579,328260.9568,2074648.716,547.2,
580,328263.9857,2074642.663,547.5,
581,328267.0899,2074635.157,548.1,
582,328273.2447,2074624.654,549.2,
583,328276.3779,2074618.711,550.3,
584,328283.5441,2074606.265,552.8,
585,328289.0333,2074593.787,555.3,
586,328290.5762,2074588.621,555.8,
587,328292.8613,2074583.445,556.2,
588,328295.0955,2074576.734,556.6,
589,328296.5612,2074572.233,556.7,
590,328299.5053,2074566.941,556.7,
591,328300.9451,2074563.878,556.5,
592,328302.3532,2074557.81,556.3,
593,328304.5229,2074553.957,555.9,
594,328309.6681,2074547.785,555,
595,328312.616,2074543.945,554.5,
596,328317.0275,2074537.787,553.7,
597,328319.2287,2074535.428,553.4,
598,328322.8965,2074530.747,552.8,
599,328330.2707,2074525.832,551.6,
600,328336.9359,2074520.975,550.3,
601,328343.5978,2074515.309,548.8,
602,328348.8122,2074513.478,547.7,
603,328351.7877,2074511.038,547.1,
604,328357.8157,2074508.576,546.4,
605,328361.5878,2074507.681,546,
606,328372.16,2074504.248,544.8,
607,328376.7069,2074503.334,544.3,
608,328381.251,2074501.651,543.7,
609,328389.5941,2074498.331,542.7,
610,328403.2707,2074492.469,540.9,
611,328409.36,2074489.223,540.1,
612,328414.713,2074488.362,539.9,
613,328421.594,2074486.698,539.5,
614,328425.4193,2074485.86,539.3,
615,328429.2456,2074485.021,539,
616,328435.3675,2074483.37,538.6,
617,328437.6681,2074483.348,538.5,
618,328441.5018,2074483.312,538.6,
619,328449.1702,2074483.234,538.7,
620,328454.5299,2074483.231,538.8,
621,328456.066,2074484.009,539,
622,328461.4355,2074486.339,539.3,
623,328466.0373,2074488.666,539.6,
624,328469.8637,2074489.441,539.8,
625,328470.6349,2074490.993,540,
626,328472.945,2074494.084,540.3,
627,328473.7361,2074497.918,540.6,
628,328473.7617,2074501.761,541,
629,328473.8038,2074508.685,541.5,
630,328473.8253,2074512.541,541.9,
631,328473.0863,2074517.173,542.3,
632,328472.3432,2074521.818,542.7,
633,328470.0604,2074524.951,543.1,
634,328467.7809,2074527.282,543.4,
635,328465.4926,2074528.082,543.6,
636,328458.6091,2074528.192,543.8,
637,328453.2703,2074529.802,544.1,
638,328447.1625,2074530.68,544.4,
639,328441.8201,2074531.547,544.7,
640,328434.9531,2074531.62,544.8,
641,328425.0338,2074531.726,544.8,
642,328416.6421,2074531.813,544.8,
643,328405.9623,2074531.894,544.8,
644,328399.8644,2074532.009,544.8,
645,328393.7707,2074532.124,544.9,
646,328389.9706,2074532.958,544.9,
647,328385.4126,2074533.805,545,
648,328383.8902,2074533.831,545,
649,328380.0842,2074533.89,545,
650,328370.9757,2074536.305,545.9,
651,328367.1819,2074537.124,546.3,
652,328361.8848,2074539.494,546.9,
653,328350.5416,2074541.292,548,
654,328343.8355,2074544.663,549.2,
655,328342.3436,2074545.482,549.4,
656,328335.6524,2074549.559,550.6,
657,328334.1853,2074552.636,550.8,
658,328331.9751,2074555.747,551.2,
659,328329.0414,2074561.143,551.7,
660,328326.8422,2074564.998,552.1,
661,328323.9154,2074569.645,552.6,
662,328321.007,2074575.051,553.1,
663,328318.855,2074581.179,553.3,
664,328318.141,2074583.47,553.4,
665,328315.1725,2074590.244,553.6,
666,328313.6796,2074591.765,553.7,
667,328312.1777,2074597.728,553.3,
668,328309.155,2074602.959,552.2,
669,328308.3471,2074605.136,551.7,
670,328305.1327,2074613.157,550,
671,328303.5579,2074616.1,549.5,
672,328298.8816,2074625.01,547.8,
673,328297.3315,2074629.497,547.2,
674,328294.2446,2074636.247,546.7,
675,328291.925,2074643.762,545.9,
676,328288.1334,2074650.585,545.2,
677,328286.6153,2074653.618,545,
678,328285.0867,2074658.152,544.5,
679,328282.8371,2074662.72,544.6,
680,328280.6076,2074665.789,544.7,
681,328279.1416,2074670.358,544.8,
682,328277.6425,2074673.402,544.8,
683,328277.6607,2074676.43,544.8,
684,328275.4307,2074680.248,544.9,
685,328273.9625,2074684.814,545,
686,328273.2353,2074687.854,545.1,
687,328272.4932,2074689.378,545.1,
688,328271.7788,2074693.932,545.1,
689,328270.3036,2074697.737,545.1,
690,328269.5613,2074703.041,545,
691,328268.0725,2074708.356,545,
692,328267.3496,2074711.396,545,
693,328267.4018,2074717.457,544.8,
694,328266.6917,2074722.01,544.7,
695,328265.9715,2074727.32,544.6,
696,328265.9941,2074731.866,544.5,
697,328266.0178,2074736.413,544.3,
698,328266.0505,2074741.718,544.1,
699,328266.0687,2074744.751,544,
700,328266.849,2074750.053,543.8,
701,328267.6169,2074753.082,543.8,
702,328269.908,2074756.857,543.7,
703,328271.4492,2074759.119,543.6,
704,328273.7465,2074762.896,543.5,
705,328275.2682,2074764.403,543.4,
706,328276.7898,2074765.911,543.3,
707,328280.5891,2074768.922,543,
708,328285.9074,2074772.687,542.6,
709,328288.9602,2074775.706,542.4,
710,328292.0001,2074777.208,542.1,
711,328296.5839,2074780.217,541.8,
712,328300.4316,2074783.222,541.8,
713,328305.0612,2074786.977,541.7,
714,328308.9041,2074789.222,541.6,
715,328311.9735,2074790.714,541.5,
716,328315.0308,2074791.45,541.3,
717,328319.637,2074793.689,541.1,
718,328322.7085,2074795.181,541,
719,328326.5434,2074796.668,541,
720,328330.3783,2074798.154,541,
721,328336.5224,2074801.138,541.1,
722,328339.5908,2074802.635,541.1,
723,328341.8968,2074804.134,541.1,
724,328345.7376,2074806.384,541.1,
725,328348.806,2074807.88,541,
726,328352.6569,2074810.887,541,
727,328355.7233,2074812.387,540.8,
728,328358.7865,2074813.893,540.6,
729,328362.621,2074816.155,540.4,
730,328364.1617,2074817.667,540.3,
731,328368.0064,2074820.69,540,
732,328372.6062,2074823.728,539.7,
733,328377.2113,2074826.768,539.4,
734,328380.2858,2074829.05,539.2,
735,328384.1259,2074831.331,538.9,
736,328387.96,2074832.855,538.5,
737,328391.0259,2074833.617,538.2,
738,328395.6319,2074835.142,537.8,
739,328398.702,2074835.901,537.5,
740,328402.5338,2074835.897,537.1,
741,328404.8346,2074835.894,536.9,
742,328407.896,2074835.126,536.6,
743,328410.1779,2074832.829,536.4,
744,328412.4468,2074828.996,536.4,
745,328412.4258,2074826.699,536.4,
746,328412.4118,2074825.168,536.5,
747,328412.3849,2074822.107,536.6,
748,328410.7948,2074815.995,536.9,
749,328408.4732,2074813.713,537.1,
750,328403.834,2074809.137,537.6,
751,328399.2081,2074805.321,538.2,
752,328396.1343,2074803.805,538.5,
753,328392.286,2074801.541,538.8,
754,328389.2101,2074800.037,539,
755,328384.5995,2074797.781,539.3,
756,328383.0696,2074797.791,539.4,
757,328378.4674,2074795.526,539.6,
758,328374.6376,2074794.021,539.8,
759,328370.8047,2074792.523,539.9,
760,328369.2727,2074792.538,540,
761,328366.198,2074791.045,540,
762,328360.8301,2074789.568,540.1,
763,328357.0046,2074788.069,540.2,
764,328353.9494,2074787.327,540.2,
765,328350.8678,2074785.075,540.2,
766,328345.4988,2074783.602,540.1,
767,328341.6545,2074782.119,540.1,
768,328337.791,2074779.119,540,
769,328335.4754,2074777.622,540,
770,328331.6321,2074776.137,540,
771,328326.2318,2074772.388,540,
772,328320.8377,2074768.633,540.1,
773,328318.5274,2074767.133,540.3,
774,328314.6702,2074764.125,540.4,
775,328309.265,2074759.611,540.6,
776,328305.4178,2074757.364,540.8,
777,328303.0964,2074755.104,540.8,
778,328300.7848,2074752.08,540.8,
779,328297.7139,2074747.539,541,
780,328296.189,2074746.029,541.1,
781,328294.6497,2074742.24,541.2,
782,328291.5715,2074733.905,541.8,
783,328290.7808,2074726.315,542.1,
784,328290.009,2074721.008,542.3,
785,328289.2442,2074717.981,542.5,
786,328289.2277,2074711.913,542.7,
787,328289.2167,2074707.365,542.8,
788,328289.2047,2074702.819,543,
789,328289.1943,2074699.032,543.1,
790,328289.1403,2074692.208,543.3,
791,328289.095,2074686.9,543.5,
792,328289.0644,2074681.598,543.6,
793,328289.0473,2074678.568,543.7,
794,328289.7695,2074673.258,543.8,
795,328291.2473,2074670.2,543.8,
796,328291.9814,2074667.914,543.8,
797,328293.4357,2074661.824,543.9,
798,328294.9377,2074657.27,543.9,
799,328295.6972,2074654.998,544.2,
800,328297.9749,2074649.695,544.7,
801,328299.4951,2074646.665,544.9,
802,328301.0154,2074643.638,545.2,
803,328304.0474,2074637.579,545.6,
804,328306.3422,2074633.809,545.8,
805,328306.3539,2074632.318,546,
806,328308.6333,2074627.79,546.3,
807,328308.6423,2074625.547,546.7,
808,328311.6788,2074621.014,547.5,
809,328313.3085,2074615.88,548.6,
810,328317.9573,2074609.975,549.7,
811,328321.0749,2074603.353,551.2,
812,328322.5738,2074599.599,551.9,
813,328323.3188,2074595.86,552.6,
814,328325.5474,2074592.803,552,
815,328326.287,2074590.544,551.9,
816,328328.5104,2074585.993,551.4,
817,328329.9862,2074582.949,551.1,
818,328332.9289,2074579.802,550.6,
819,328333.6524,2074577.509,550.5,
820,328336.588,2074573.59,550,
821,328338.0523,2074571.249,549.9,
822,328340.2725,2074568.887,549.6,
823,328343.247,2074565.76,549.3,
824,328345.4768,2074563.408,548.9,
825,328347.7123,2074561.799,548.5,
826,328350.6935,2074559.404,548,
827,328352.9327,2074557.052,547.8,
828,328355.1882,2074554.74,547.6,
829,328359.7219,2074552.389,547.1,
830,328361.9933,2074551.594,546.9,
831,328365.7792,2074550.018,546.5,
832,328369.5847,2074550.708,546.1,
833,328371.1257,2074552.952,545.9,
834,328371.9263,2074557.478,545.8,
835,328371.9598,2074561.261,545.8,
836,328371.9879,2074565.023,545.8,
837,328371.9912,2074567.235,545.5,
838,328369.715,2074570.963,545.4,
839,328367.4432,2074574.716,545.2,
840,328365.1801,2074578.499,545,
841,328363.6843,2074581.554,544.8,
842,328361.43,2074585.37,544.7,
843,328359.1724,2074589.174,544.6,
844,328356.92,2074594.478,544.3,
845,328356.1684,2074595.996,544.3,
846,328353.9139,2074601.299,543.7,
847,328353.916,2074602.793,543.5,
848,328352.3949,2074608.038,542.9,
849,328350.1271,2074615.574,542,
850,328349.3579,2074619.317,541.6,
851,328347.8461,2074623.857,541.1,
852,328347.117,2074626.918,540.8,
853,328345.632,2074629.997,541,
854,328344.1406,2074633.067,541.3,
855,328342.6461,2074639.139,541.4,
856,328341.2139,2074646.035,541.5,
857,328339.7417,2074650.626,541.5,
858,328338.2583,2074654.45,541.5,
859,328336.7657,2074657.512,541.5,
860,328336.8116,2074660.566,541.8,
861,328335.3616,2074665.168,542.1,
862,328333.9014,2074669.003,542.4,
863,328332.4189,2074671.31,542.6,
864,328331.7343,2074675.895,542.9,
865,328329.5082,2074681.987,543.1,
866,328329.5412,2074685.023,543.3,
867,328328.0523,2074688.829,543.3,
868,328327.3135,2074691.868,543.1,
869,328326.5587,2074693.389,542.9,
870,328323.5242,2074698.714,542.4,
871,328322.7701,2074702.507,542.1,
872,328321.2455,2074707.819,541.8,
873,328321.2553,2074710.852,541.6,
874,328319.7299,2074713.898,541.4,
875,328319.7398,2074716.933,541.2,
876,328318.9837,2074720.735,541.1,
877,328319.0007,2074726.052,540.9,
878,328319.0095,2074729.092,540.8,
879,328319.0248,2074733.654,540.7,
880,328319.0374,2074737.456,540.5,
881,328319.0547,2074740.499,540.4,
882,328320.6072,2074743.529,540.3,
883,328322.9223,2074745.791,540.1,
884,328326.0061,2074748.045,540.2,
885,328329.0888,2074750.299,540.2,
886,328331.405,2074752.56,540.2,
887,328334.4877,2074754.814,540.3,
888,328336.7952,2074755.553,540.4,
889,328340.6396,2074757.038,540.4,
890,328343.7147,2074757.769,540.5,
891,328346.7898,2074758.498,540.6,
892,328349.8639,2074759.228,540.6,
893,328352.9352,2074759.195,540.7,
894,328358.3098,2074759.901,540.9,
895,328362.9158,2074760.614,541.1,
896,328366.7494,2074760.573,541.2,
897,328371.3474,2074760.525,541.4,
898,328374.4033,2074759.734,541.6,
899,328378.2226,2074758.935,541.9,
900,328381.2802,2074758.906,542,
901,328384.3368,2074758.878,542.1,
902,328388.1421,2074756.56,542.4,
903,328389.6651,2074755.785,542.6,
904,328394.2376,2074754.221,542.8,
905,328397.2872,2074753.432,543,
906,328400.3358,2074752.643,543.2,
907,328403.3844,2074751.855,543.4,
908,328407.1952,2074751.061,543.6,
909,328410.2487,2074751.033,543.7,
910,328414.8229,2074750.229,543.7,
911,328418.6386,2074750.193,543.6,
912,328422.4543,2074750.157,543.5,
913,328426.2689,2074750.121,543.3,
914,328430.0836,2074750.084,543.2,
915,328432.3726,2074750.063,543.1,
916,328437.7118,2074750.012,543,
917,328443.05,2074749.961,542.8,
918,328448.3924,2074749.915,542.6,
919,328454.5014,2074749.862,542.4,
920,328457.5399,2074748.317,542.4,
921,328460.5794,2074746.773,542.3,
922,328465.1388,2074744.455,542.2,
923,328467.4133,2074742.16,542.1,
924,328470.4603,2074740.617,542,
925,328473.4896,2074736.796,542,
926,328478.8243,2074733.712,541.9,
927,328481.8621,2074729.888,541.8,
928,328486.4418,2074726.806,541.6,
929,328488.7231,2074723.745,541.5,
930,328491.7923,2074719.909,541.3,
931,328494.0799,2074716.843,541.1,
932,328498.6329,2074710.712,540.8,
933,328500.9061,2074706.884,540.6,
934,328504.7016,2074701.517,540.4,
935,328506.9721,2074696.925,540.2,
936,328509.2354,2074693.86,540.2,
937,328511.4996,2074689.272,540,
938,328515.9792,2074680.878,540.1,
939,328518.2261,2074677.061,540.2,
940,328521.2205,2074671.719,540.4,
941,328521.9668,2074670.195,540.4,
942,328524.9576,2074665.62,540.6,
943,328527.1457,2074660.316,540.8,
944,328530.1072,2074655.767,541.3,
945,328532.327,2074651.976,541.6,
946,328533.8099,2074649.701,541.8,
947,328536.7864,2074646.675,542.2,
948,328539.7687,2074644.405,542.5,
949,328542.7584,2074642.133,542.8,
950,328544.9921,2074639.863,543,
951,328546.467,2074636.833,543.2,
952,328546.4404,2074633.801,543.2,
953,328545.6332,2074627.736,543.2,
954,328545.6114,2074625.463,543.2,
955,328544.0495,2074620.924,543.1,
956,328543.2435,2074616.387,543,
957,328541.6986,2074613.36,542.8,
958,328540.1456,2074609.578,542.6,
959,328538.5841,2074604.275,542.4,
960,328536.2754,2074599.722,542.1,
961,328533.9668,2074595.168,541.7,
962,328531.6678,2074592.133,541.5,
963,328527.8226,2074586.063,541.1,
964,328525.5194,2074583.029,541,
965,328523.2183,2074579.99,540.9,
966,328520.923,2074577.711,540.8,
967,328518.6267,2074575.43,540.7,
968,328514.8029,2074572.392,540.6,
969,328510.9715,2074570.133,540.5,
970,328507.1483,2074567.856,540.3,
971,328503.3241,2074565.578,540.2,
972,328500.2601,2074563.299,540.1,
973,328496.4366,2074561.787,540.2,
974,328491.8097,2074559.593,540.6,
975,328487.9523,2074557.386,541.1,
976,328484.8508,2074553.644,541.5,
977,328483.2752,2074549.117,541.9,
978,328482.473,2074545.337,542.2,
979,328482.4383,2074541.54,542.5,
980,328482.4175,2074539.258,542.6,
981,328481.6295,2074536.219,542.9,
982,328480.8226,2074530.888,543,
983,328480.7941,2074527.07,542.7,
984,328481.5371,2074523.222,542.4,
985,328481.5061,2074517.059,542,
986,328481.4839,2074512.433,541.7,
987,328482.2388,2074510.106,541.5,
988,328483.7372,2074505.496,541.2,
989,328484.4929,2074503.951,541.1,
990,328485.2436,2074501.639,541,
991,328488.283,2074497.762,540.8,
992,328490.5426,2074493.943,540.6,
993,328495.1046,2074490.868,540.6,
994,328495.8631,2074490.101,540.6,
995,328498.9039,2074488.572,540.6,
996,328502.6968,2074487.074,540.5,
997,328509.5487,2074484.763,540.4,
998,328514.1422,2074485.49,540.5,
999,328517.2076,2074487.004,540.5,
1000,328518.7581,2074490.048,540.6,
1001,328518.7876,2074493.861,540.7,
1002,328516.5103,2074495.395,540.8,
1003,328511.1871,2074498.478,540.9,
1004,328508.919,2074499.99,540.9,
1005,328505.8762,2074501.528,541,
1006,328503.593,2074502.297,541,
1007,328499.7947,2074504.594,541.1,
1008,328498.2936,2074507.649,541.2,
1009,328495.2506,2074509.969,541.3,
1010,328493.751,2074514.575,541.5,
1011,328491.4871,2074519.189,541.8,
1012,328490.736,2074522.281,541.9,
1013,328490.7602,2074526.889,542.1,
1014,328490.7769,2074529.181,542.3,
1015,328490.8165,2074533.749,542.4,
1016,328491.6118,2074536.773,542.1,
1017,328494.7155,2074540.515,541.7,
1018,328498.5733,2074544.281,541.3,
1019,328502.4067,2074547.325,541.1,
1020,328506.2371,2074549.594,541.1,
1021,328513.9052,2074554.113,541,
1022,328518.4887,2074556.389,541,
1023,328526.1127,2074559.431,541.1,
1024,328529.1683,2074561.712,541.3,
1025,328533.7411,2074563.989,541.7,
1026,328538.3146,2074567.028,542.2,
1027,328542.1279,2074570.067,542.6,
1028,328548.2231,2074574.624,543.2,
1029,328552.0283,2074576.896,543.6,
1030,328555.8508,2074579.912,544,
1031,328559.6605,2074581.412,544.1,
1032,328563.4905,2074585.946,544.2,
1033,328566.5763,2074591.997,544.4,
1034,328568.1191,2074595.02,544.4,
1035,328568.1633,2074600.326,544.4,
1036,328568.9481,2074603.354,544.4,
1037,328571.2698,2074608.645,544.5,
1038,328572.0572,2074612.432,544.5,
1039,328572.0792,2074616.229,544.5,
1040,328572.1184,2074623.061,544.5,
1041,328572.1479,2074628.373,544.6,
1042,328572.1747,2074632.927,544.7,
1043,328570.6805,2074636.729,544.7,
1044,328568.4275,2074639.774,544.6,
1045,328567.6773,2074640.534,544.6,
1046,328564.6943,2074645.853,544.5,
1047,328562.4435,2074648.898,544.3,
1048,328560.2253,2074653.447,544.2,
1049,328556.53,2074659.509,543.7,
1050,328553.5794,2074663.292,543.2,
1051,328552.1102,2074665.562,542.9,
1052,328549.8997,2074667.829,542.6,
1053,328546.1956,2074670.857,542.1,
1054,328542.4776,2074674.657,541.6,
1055,328540.2625,2074677.693,541.3,
1056,328536.5179,2074679.981,540.9,
1057,328532.0004,2074684.571,540.4,
1058,328530.4939,2074686.102,540.2,
1059,328526.7196,2074689.169,540,
1060,328519.9339,2074696.062,540.1,
1061,328515.3909,2074699.138,540.2,
1062,328510.0712,2074703.754,540.3,
1063,328507.0267,2074706.829,540.5,
1064,328503.2225,2074710.67,540.7,
1065,328499.4291,2074716.034,540.9,
1066,328495.6232,2074719.111,541.2,
1067,328489.4966,2074724.498,541.5,
1068,328485.6909,2074729.092,541.7,
1069,328484.9292,2074729.859,541.7,
1070,328481.1228,2074733.691,541.8,
1071,328477.3318,2074738.279,541.9,
1072,328476.5931,2074741.322,541.9,
1073,328474.3153,2074743.619,542,
1074,328470.5296,2074748.204,542,
1075,328468.2704,2074751.261,541.9,
1076,328465.249,2074754.326,541.7,
1077,328462.2606,2074760.43,541.4,
1078,328459.9844,2074761.969,541.3,
1079,328457.7417,2074765.796,541.1,
1080,328453.1947,2074768.884,540.9,
1081,328448.6366,2074771.212,540.7,
1082,328444.8327,2074772.771,540.6,
1083,328441.7772,2074772.801,540.6,
1084,328436.4365,2074773.618,540.6,
1085,328433.3799,2074773.648,540.6,
1086,328428.7935,2074773.694,540.6,
1087,328425.7359,2074773.724,540.7,
1088,328418.0898,2074773.801,540.7,
1089,328415.0231,2074773.068,540.8,
1090,328408.9048,2074773.13,540.8,
1091,328402.0139,2074772.431,540.9,
1092,328398.1898,2074772.466,540.8,
1093,328394.3646,2074772.502,540.8,
1094,328389.0009,2074771.026,540.9,
1095,328385.9363,2074770.291,541,
1096,328380.5823,2074770.341,540.9,
1097,328374.4552,2074768.874,540.9,
1098,328371.3923,2074768.904,540.8,
1099,328368.3367,2074771.226,540.6,
1100,328370.6716,2074775.769,540.3,
1101,328372.9954,2074779.556,540,
1102,328377.6062,2074783.336,539.9,
1103,328380.6816,2074785.599,539.8,
1104,328384.5187,2074787.094,539.7,
1105,328386.8259,2074788.601,539.6,
1106,328390.671,2074790.861,539.4,
1107,328392.9733,2074791.606,539.3,
1108,328397.592,2074794.623,539,
1109,328401.4333,2074796.121,538.8,
1110,328404.5102,2074797.629,538.5,
1111,328408.3587,2074799.91,538.2,
1112,328410.6702,2074801.428,537.9,
1113,328413.7503,2074802.942,537.7,
1114,328418.3678,2074804.447,537.4,
1115,328421.437,2074804.426,537.3,
1116,328426.809,2074804.385,537.2,
1117,328429.8723,2074803.594,537.2,
1118,328432.9173,2074801.252,537.4,
1119,328436.7245,2074798.903,537.6,
1120,328441.2961,2074796.547,537.8,
1121,328448.1293,2074791.864,538.5,
1122,328456.4996,2074787.951,539,
1123,328461.8241,2074785.603,539.3,
1124,328465.6381,2074784.801,539.4,
1125,328474.0123,2074781.668,539.9,
1126,328477.0619,2074780.876,540.1,
1127,328480.8871,2074780.842,540.2,
1128,328487.7183,2074778.477,540.6,
1129,328490.7477,2074776.163,540.8,
1130,328493.0249,2074774.622,541,
1131,328497.5825,2074771.539,541.2,
1132,328500.6056,2074769.226,541.4,
1133,328502.8669,2074767.678,541.5,
1134,328508.1227,2074762.297,541.8,
1135,328513.4303,2074756.936,542,
1136,328517.2064,2074750.829,542,
1137,328523.266,2074743.181,541.7,
1138,328528.573,2074737.055,541.3,
1139,328532.3702,2074732.462,541.1,
1140,328535.4063,2074727.875,541,
1141,328539.1993,2074723.28,540.8,
1142,328541.4732,2074720.219,540.7,
1143,328547.525,2074713.323,540.7,
1144,328550.5206,2074709.501,541,
1145,328551.2707,2074708.735,541,
1146,328554.2526,2074704.916,541.2,
1147,328556.4552,2074699.589,541.5,
1148,328558.6786,2074696.541,541.8,
1149,328560.8936,2074693.497,542.1,
1150,328563.0933,2074689.699,542.5,
1151,328565.2909,2074685.904,542.8,
1152,328568.2028,2074679.84,543.5,
1153,328571.1115,2074673.782,544,
1154,328573.3293,2074671.508,544.4,
1155,328574.7822,2074668.484,544.6,
1156,328576.2518,2074665.453,544.9,
1157,328578.4647,2074660.905,545.2,
1158,328581.4399,2074656.349,545.6,
1159,328582.9295,2074653.312,545.7,
1160,328583.6663,2074650.279,545.7,
1161,328585.1723,2074647.991,545.7,
1162,328586.667,2074643.43,545.6,
1163,328588.1692,2074640.386,545.5,
1164,328590.4272,2074635.816,545.4,
1165,328590.4112,2074632.783,545.3,
1166,328593.4246,2074627.447,545.1,
1167,328594.1596,2074623.649,545,
1168,328594.1272,2074619.865,545,
1169,328595.6041,2074615.312,545.1,
1170,328595.5737,2074611.525,545.1,
1171,328595.5423,2074607.737,545.2,
1172,328595.4992,2074602.436,545.2,
1173,328595.4747,2074599.405,545.3,
1174,328595.4316,2074594.102,545.3,
1175,328594.649,2074591.077,545.3,
1176,328593.0923,2074586.539,545.3,
1177,328591.5315,2074582.011,545.3,
1178,328589.2293,2074577.466,545.2,
1179,328588.4481,2074573.673,545.2,
1180,328586.1486,2074569.887,545.1,
1181,328583.0809,2074565.349,544.9,
1182,328579.2529,2074560.814,544.7,
1183,328577.7191,2074558.543,544.6,
1184,328573.9104,2074557.044,544.5,
1185,328571.6211,2074555.537,544.4,
1186,328568.5716,2074554.033,544.3,
1187,328562.4868,2074551.772,544.1,
1188,328557.1601,2074549.504,544,
1189,328554.8653,2074546.463,543.9,
1190,328553.3372,2074544.943,543.8,
1191,328548.7609,2074541.141,543.5,
1192,328545.7041,2074537.331,543.3,
1193,328544.1673,2074534.282,543.2,
1194,328544.1431,2074530.47,543.1,
1195,328544.1344,2074528.944,543,
1196,328542.5841,2074523.602,542.7,
1197,328542.5629,2074519.783,542.5,
1198,328541.7891,2074517.492,542.3,
1199,328539.4862,2074513.676,542,
1200,328537.1783,2074509.092,541.7,
1201,328536.3968,2074505.269,541.5,
1202,328534.0955,2074502.213,541.3,
1203,328532.5593,2074499.92,541.2,
1204,328531.7883,2074498.392,541.1,
1205,328527.9432,2074493.826,540.8,
1206,328527.1631,2074491.542,540.7,
1207,328524.8444,2074487.737,540.5,
1208,328522.5257,2074483.933,540.4,
1209,328519.4436,2074480.13,540.3,
1210,328517.1238,2074476.325,540.2,
1211,328515.5911,2074475.568,540.1,
1212,328513.2811,2074473.291,540.1,
1213,328510.969,2074471.019,540,
1214,328503.2858,2074467.279,540.3,
1215,328496.3707,2074465.086,540.4,
1216,328485.659,2074462.031,539.9,
1217,328479.5286,2074459.746,539.6,
1218,328470.3801,2074459.633,539,
1219,328461.2239,2074459.476,538.5,
1220,328455.8699,2074459.425,538.3,
1221,328450.5048,2074458.618,538,
1222,328447.4414,2074458.59,537.9,
1223,328443.5963,2074457.034,537.8,
1224,328438.1972,2074454.001,537.6,
1225,328437.4216,2074453.247,537.6,
1226,328433.5628,2074450.998,537.8,
1227,328428.1452,2074446.516,537.9,
1228,328422.7288,2074442.058,538,
1229,328419.6312,2074439.099,538.2,
1230,328417.308,2074436.883,538.4,
1231,328414.2204,2074434.678,538.7,
1232,328410.3595,2074431.736,538.9,
1233,328404.9508,2074426.619,539.7,
1234,328398.7938,2074422.342,540.6,
1235,328394.1841,2074419.509,541.2,
1236,328391.112,2074417.379,541.7,
1237,328386.5178,2074415.31,542.2,
1238,328381.9368,2074413.308,542.6,
1239,328375.8447,2074412.102,543.3,
1240,328371.2743,2074410.793,544.1,
1241,328343.3736,2074583.067,548,
1242,328342.6378,2074586.09,548,
1243,328340.411,2074589.923,548.3,
1244,328340.4161,2074592.905,548.1,
1245,328338.1873,2074595.244,548.6,
1246,328335.9621,2074599.82,548.3,
1247,328335.1978,2074605.031,547.4,
1248,328333.6601,2074608.003,547.1,
1249,328331.358,2074612.474,546.7,
1250,328329.8103,2074616.193,546.1,
1251,328328.2185,2074620.613,545.4,
1252,328327.4476,2074622.107,545.2,
1253,328325.9571,2074626.663,544.4,
1254,328322.9448,2074631.989,544.4,
1255,328321.424,2074635.765,544.2,
1256,328321.4182,2074638.016,544,
1257,328319.9193,2074642.57,543.7,
1258,328318.4283,2074646.379,543.4,
1259,328316.9213,2074648.669,543.3,
1260,328314.6713,2074652.489,543.1,
1261,328313.9325,2074655.529,542.8,
1262,328312.4192,2074659.323,542.7,
1263,328310.1798,2074663.15,542.9,
1264,328307.9658,2074668.5,543,
1265,328306.4652,2074670.793,543.1,
1266,328306.5042,2074674.588,543,
1267,328305.0164,2074678.397,543.1,
1268,328304.2834,2074682.195,543.1,
1269,328302.7819,2074685.998,543,
1270,328302.0454,2074690.552,542.9,
1271,328302.0684,2074694.343,542.8,
1272,328301.3222,2074697.382,542.6,
1273,328300.5703,2074701.178,542.5,
1274,328299.8157,2074704.217,542.4,
1275,328299.8272,2074708.008,542.2,
1276,328299.8387,2074711.801,542.1,
1277,328299.0858,2074715.602,542,
1278,328299.0956,2074718.639,541.8,
1279,328299.1098,2074723.195,541.7,
1280,328299.1214,2074726.994,541.6,
1281,328299.1329,2074730.794,541.4,
1282,328300.6733,2074734.582,541.3,
1283,328300.6815,2074736.864,541.2,
1284,328303.764,2074741.4,540.9,
1285,328306.8379,2074744.416,540.7,
1286,328310.6589,2074744.382,540.6,
1287,328312.1677,2074740.562,540.7,
1288,328312.9148,2074737.513,540.8,
1289,328312.9017,2074734.47,540.9,
1290,328314.4173,2074729.895,540.9,
1291,328315.1746,2074727.607,541,
1292,328315.1631,2074723.808,541.1,
1293,328315.1499,2074719.252,541.3,
1294,328315.1411,2074716.216,541.4,
1295,328316.6563,2074712.407,541.6,
1296,328316.6475,2074709.373,541.8,
1297,328316.6334,2074704.825,542,
1298,328316.6236,2074701.794,542.2,
1299,328315.8504,2074698.77,542.4,
1300,328315.0699,2074695.745,542.6,
1301,328314.283,2074692.718,542.8,
1302,328310.4797,2074695.027,542.7,
1303,328308.9718,2074698.831,542.5,
1304,328307.4538,2074701.875,542.4,
1305,328306.703,2074705.672,542.2,
1306,328306.7128,2074708.706,542,
1307,328306.7236,2074711.74,541.9,
1308,328308.2661,2074715.52,541.7,
1309,328309.7982,2074717.024,541.6,
1310,328311.3112,2074711.699,541.8,
1311,328312.8264,2074707.893,541.9,
1312,328313.5756,2074703.337,542.2,
1313,328315.0898,2074699.534,542.4,
1314,328315.8274,2074694.98,542.6,
1315,328317.3258,2074691.174,542.8,
1316,328317.3081,2074688.9,543,
1317,328318.0474,2074685.103,542.9,
1318,328318.018,2074681.313,542.8,
1319,328317.9983,2074679.038,542.8,
1320,328319.4909,2074675.985,542.7,
1321,328319.4334,2074671.424,542.6,
1322,328319.3859,2074667.622,542.5,
1323,328320.0928,2074663.05,542.3,
1324,328323.0813,2074659.957,542.1,
1325,328324.5775,2074656.149,542,
1326,328326.0759,2074652.343,542.3,
1327,328326.8174,2074650.057,542.4,
1328,328329.0413,2074645.455,542.6,
1329,328329.7663,2074642.398,542.7,
1330,328332.0237,2074638.578,542.7,
1331,328332.7646,2074634.037,542.8,
1332,328334.2571,2074629.474,542.8,
1333,328334.2544,2074628.719,542.9,
1334,328336.5066,2074623.394,543.2,
1335,328338.7769,2074619.596,543.6,
1336,328338.794,2074618.124,543.9,
1337,328341.0997,2074614.386,544.2,
1338,328342.6507,2074609.185,544.8,
1339,328343.4105,2074605.444,545.3,
1340,328344.166,2074601.701,545.8,
1341,328344.9076,2074599.425,546.1,
1342,328345.6434,2074594.906,546.6,
1343,328345.6361,2074591.918,546.8,
1344,328347.1235,2074588.861,546.7,
1345,328347.8624,2074585.84,546.8,
1346,328347.8429,2074582.09,547.1,
1347,328347.0691,2074579.102,547.5,
1348,328345.5548,2074576.908,548,
1349,328341.077,2074576.38,549,
1350,328337.3655,2074577.324,549.7,
1351,328335.9012,2074579.661,549.9,
1352,328332.967,2074584.316,550.4,
1353,328332.2278,2074588.808,550.4,
1354,328331.4876,2074591.815,550.5,
1355,328330.7499,2074597.055,550.3,
1356,328330.7513,2074600.776,549.5,
1357,328329.2129,2074605.972,548.7,
1358,328326.9219,2074609.703,548.3,
1359,328326.1542,2074611.192,548.1,
1360,328325.3346,2074614.858,547.4,
1361,328322.9351,2074621.476,546.2,
1362,328322.1861,2074623.746,545.8,
1363,328321.4409,2074628.272,544.9,
1364,328319.9216,2074631.295,544.8,
1365,328317.6412,2074635.833,544.5,
1366,328316.122,2074638.861,544.4,
1367,328314.6044,2074641.138,544.3,
1368,328313.8608,2074643.421,544.1,
1369,328310.858,2074647.254,543.9,
1370,328310.1154,2074649.535,543.7,
1371,328307.8531,2074654.098,543.4,
1372,328306.3319,2074657.13,543.2,
1373,328304.0638,2074660.937,543.2,
1374,328301.8195,2074664.004,543.3,
1375,328300.3237,2074667.054,543.4,
1376,328298.829,2074670.105,543.4,
1377,328298.8519,2074672.382,543.3,
1378,328297.3736,2074676.197,543.3,
1379,328296.6508,2074680.754,543.2,
1380,328295.9223,2074686.066,543.1,
1381,328295.9405,2074689.097,543,
1382,328295.9587,2074692.129,542.9,
1383,328295.9909,2074696.679,542.7,
1384,328296.0026,2074698.195,542.7,
1385,328296.0124,2074701.226,542.6,
1386,328252.6827,2074735.775,547.3,
1387,328252.6742,2074734.263,547.4,
1388,328253.3913,2074730.475,547.3,
1389,328254.0962,2074724.42,547.3,
1390,328256.2851,2074719.103,547,
1391,328258.4152,2074711.509,546.5,
1392,328259.8576,2074706.192,546.3,
1393,328262.0464,2074700.864,546,
1394,328262.0118,2074697.079,546.1,
1395,328263.4844,2074694.031,545.9,
1396,328264.9447,2074688.713,545.9,
1397,328266.3921,2074681.88,545.8,
1398,328267.1124,2074678.084,545.7,
1399,328268.5647,2074672.005,545.6,
1400,328269.2769,2074667.45,545.6,
1401,328270.7286,2074660.614,545.5,
1402,328271.4807,2074658.34,545.5,
1403,328271.488,2074655.329,545.8,
1404,328273.0066,2074651.545,546.1,
1405,328273.0323,2074644.785,546.8,
1406,328276.092,2074638.75,547.3,
1407,328276.8839,2074635.758,547.6,
1408,328279.1936,2074632.004,547.9,
1409,328280.7204,2074630.493,548,
1410,328283.036,2074626,548.6,
1411,328283.8238,2074623.019,549.2,
1412,328285.3974,2074620.056,549.8,
1413,328287.7988,2074614.911,550.9,
1414,328289.4092,2074611.253,551.6,
1415,328289.455,2074609.805,552,
1416,328291.7863,2074607.608,552.4,
1417,328293.1608,2074611.932,551.4,
1418,328294.5396,2074616.267,550.3,
1419,328295.2115,2074619.17,549.6,
1420,328295.1243,2074623.584,548.6,
1421,328295.0658,2074629.532,547.5,
1422,328295.0085,2074635.491,546.7,
1423,328294.9545,2074641.463,546,
1424,328295.7069,2074645.212,545.4,
1425,328295.7028,2074649.727,544.8,
1426,328295.6993,2074653.492,544.4,
1427,328295.6922,2074659.52,543.8,
1428,328295.7408,2074664.83,543.6,
1429,328295.7647,2074667.107,543.6,
1430,328294.2865,2074670.922,543.5,
1431,328293.5604,2074673.967,543.5,
1432,328292.0779,2074677.777,543.5,
1433,328289.8273,2074682.347,543.5,
1434,328289.0864,2074685.384,543.5,
1435,328287.5868,2074687.676,543.6,
1436,328285.3526,2074691.495,543.7,
1437,328284.6313,2074695.295,543.7,
1438,328282.394,2074700.624,543.8,
1439,328281.6446,2074703.662,543.7,
1440,328280.1459,2074709.737,543.7,
1441,328278.6439,2074714.299,543.7,
1442,328276.3981,2074718.114,543.8,
1443,328274.9157,2074723.437,543.8,
1444,328274.9413,2074726.472,543.7,
1445,328274.2221,2074730.271,543.7,
1446,328274.2458,2074734.822,543.5,
1447,328274.2748,2074739.375,543.4,
1448,328274.3,2074743.169,543.2,
1449,328275.8256,2074746.952,543,
1450,328276.5908,2074749.224,542.8,
1451,328277.3512,2074750.737,542.7,
1452,328279.6478,2074756.037,542.7,
1453,328281.1911,2074758.302,542.6,
1454,328282.7609,2074762.083,542.6,
1455,328285.056,2074764.344,542.4,
1456,328288.0897,2074765.844,542.1,
1457,328289.6208,2074767.352,542,
1458,328294.1766,2074769.604,541.6,
1459,328296.4505,2074770.351,541.5,
1460,328300.2591,2074771.846,541.4,
1461,328304.8695,2074774.085,541.1,
1462,328307.9623,2074777.096,541,
1463,328308.0038,2074780.132,541.1,
1464,328308.0362,2074782.408,541.2,
1465,328302.752,2074785.478,541.7,
1466,328297.464,2074787.789,542.3,
1467,328291.4082,2074788.581,542.8,
1468,328289.1402,2074788.592,543,
1469,328286.1162,2074788.608,543.3,
1470,328280.8284,2074788.633,543.8,
1471,328275.5337,2074787.902,544.2,
1472,328270.2516,2074787.169,544.7,
1473,328265.7207,2074785.674,545.1,
1474,328262.7071,2074784.171,545.5,
1475,328259.7191,2074781.901,545.9,
1476,328256.7343,2074779.634,546.4,
1477,328252.2384,2074774.348,547.1,
1478,328248.5085,2074769.821,547.9,
1479,328247.7497,2074767.557,548,
1480,328247.713,2074763.779,548,
1481,328247.6917,2074760.755,548,
1482,328247.6666,2074756.977,548.1,
1483,328248.3706,2074752.437,547.9,
1484,328251.2776,2074747.128,547.3,
1485,328253.4721,2074744.844,546.9,
1486,328254.9665,2074747.86,546.4,
1487,328255.7238,2074750.882,546.2,
1488,328255.7393,2074753.154,546.2,
1489,328255.7606,2074756.181,546.2,
1490,328255.7761,2074758.452,546.3,
1491,328255.8108,2074762.236,546.3,
1492,328256.5786,2074765.26,546.2,
1493,328256.6153,2074769.044,546.3,
1494,328258.8557,2074771.309,545.9,
1495,328261.105,2074774.334,545.5,
1496,328264.8553,2074776.593,544.9,
1497,328269.3782,2074777.326,544.4,
1498,328273.8952,2074777.303,544,
1499,328276.9086,2074777.287,543.7,
1500,328278.4063,2074776.521,543.5,
1501,328304.7584,2074589.063,554.6,
1502,328307.7356,2074587.5,554.4,
1503,328309.973,2074584.482,554.3,
1504,328311.4475,2074580.717,554.2,
1505,328315.8202,2074573.783,553.8,
1506,328318.7328,2074569.88,553.5,
1507,328320.9229,2074566.769,553.1,
1508,328324.5966,2074562.847,552.5,
1509,328328.2809,2074558.925,551.9,
1510,328331.2194,2074554.281,551.3,
1511,328332.6785,2074550.454,551.1,
1512,328333.4052,2074548.165,551,
1513,328333.3667,2074542.911,551,
1514,328335.5742,2074539.047,550.6,
1515,328337.7886,2074535.934,550.2,
1516,328339.2504,2074531.361,549.9,
1517,328335.5124,2074530.792,550.6,
1518,328329.5789,2074532.621,551.6,
1519,328325.1571,2074536.606,552.4,
1520,328322.2202,2074540.502,552.9,
1521,328320.0252,2074544.354,553.2,
1522,328319.2911,2074545.139,553.4,
1523,328317.8323,2074548.203,553.6,
1524,328313.4288,2074555.114,554.4,
1525,328311.2146,2074557.435,554.8,
1526,328310.4978,2074560.459,554.9,
1527,328306.1422,2074567.413,555.5,
1528,328304.6855,2074568.979,555.7,
1529,328302.4867,2074570.565,556,
1530,328294.3461,2074575.267,556.8,
1531,328288.3815,2074581.31,556.7,
1532,328283.109,2074587.279,556.2,
1533,328279.2751,2074593.177,555.5,
1534,328277.7197,2074596.857,554.9,
1535,328274.6193,2074602.01,553.8,
1536,328271.5154,2074604.942,553.3,
1537,328269.9055,2074607.852,552.7,
1538,328267.5254,2074611.512,552,
1539,328262.879,2074615.956,551.2,
1540,328260.4894,2074619.631,550.6,
1541,328257.3658,2074625.592,549.5,
1542,328256.5828,2074627.832,549.2,
1543,328254.2482,2074633.821,548.9,
1544,328251.2293,2074639.118,548.8,
1545,328251.2167,2074643.62,548.5,
1546,328249.7171,2074650.411,548.3,
1547,328248.9916,2074657.206,548.1,
1548,328249.0023,2074660.222,548,
1549,328249.0497,2074665.512,548,
1550,328248.3399,2074669.304,548.1,
1551,328247.6338,2074672.343,548.2,
1552,328246.1706,2074673.883,548.4,
1553,328244.0023,2074678.459,548.7,
1554,328242.5492,2074680.751,548.9,
1555,328239.654,2074686.089,549.3,
1556,328238.2141,2074690.638,549.6,
1557,328238.2756,2074695.169,549.9,
1558,328238.3555,2074700.455,550.2,
1559,328238.4011,2074703.474,550.3,
